num_id,lang_family,lang_name,lang_id_udhr,text_udhr
001,Afroasiatic,Amharic,udhr_amharic,á‹¨áˆ°á‹á¡áˆáŒ…á¡áˆáˆ‰á¡áˆ²á‹ˆáˆˆá‹µá¡áŠáŒ»áŠ“á¡á‰ áŠ­á‰¥áˆ­áŠ“á¡á‰ áˆ˜á‰¥á‰µáˆá¡áŠ¥áŠ©áˆáŠá‰µá¡á‹«áˆˆá‹á¡áŠá‹á¢á¡á‹¨á‰°áˆáŒ¥áˆ®á¡áˆ›áˆµá‰°á‹‹áˆáŠ“á¡áˆ•áˆŠáŠ“á¡áˆµáˆ‹áˆˆá‹á¡áŠ áŠ•á‹±á¡áˆŒáˆ‹á‹áŠ•á¡á‰ á‹ˆáŠ•á‹µáˆ›áˆ›á‰½áŠá‰µá¡áˆ˜áŠ•áˆáˆµá¡áˆ˜áˆ˜áˆáŠ¨á‰µá¡á‹­áŒˆá‰£á‹‹áˆá¢
002,Afroasiatic,Arabic â€“ Bahrani,udhr_bahraini,"jinweldun kil'in'nas xÃ¼rrien u mitsÃ¶wjin f'il kÃ¤rame w'il xgyugy, mÃ¼gdejien b'il ghÃ¤gyÃ¼lh w'id'dyemier u lÃ¶zim gheleigÃ¼m jighamlun bÃ¤ghÃ¤dygÃ¼m bÃ¤ghÃ¤dy keqengÃ¼m ixhwan."
003,Afroasiatic,Arabic â€“ Egyptian,udhr_ar-egypt,Ø§Ù„Ø¥Ø¹Ù„Ø§Ù† Ø§Ù„Ø¹Ø§Ù„Ù…ÙŠ Ù„Ø­Ù‚ÙˆÙ‚ Ø§Ù„Ø¥Ù†Ø³Ø§Ù†ØŒ Ø§Ù„Ù…Ø§Ø¯Ø© Ø§Ù„Ø£ÙˆÙ„Ø§Ù†ÙŠØ© Ø§Ù„Ø¨Ù†ÙŠ Ø£Ø¯Ù…ÙŠÙ† ÙƒÙ„Ù‡Ù… Ù…ÙˆÙ„ÙˆØ¯ÙŠÙ† Ø­Ø±ÙŠÙ† ÙˆÙ…ØªØ³Ø§ÙˆÙŠÙŠÙ† ÙÙŠ Ø§Ù„ÙƒØ±Ø§Ù…Ø© ÙˆØ§Ù„Ø­Ù‚ÙˆÙ‚. Ø¥ØªÙˆÙ‡Ø¨Ù„Ù‡Ù… Ø§Ù„Ø¹Ù‚Ù„ ÙˆØ§Ù„Ø¶Ù…ÙŠØ±ØŒ ÙˆØ§Ù„Ù…ÙØ±ÙˆØ¶ ÙŠØ¹Ø§Ù…Ù„ÙˆØ§ Ø¨Ø¹Ø¶ Ø¨Ø±ÙˆØ­ Ø§Ù„Ø£Ø®ÙˆÙŠØ©.
004,Afroasiatic,Arabic â€“ Gulf Pidgin Arabic,udhr_ar-gpa,ÙƒÙ„ÙˆØ§ Ù†ÙØ± ÙÙŠ ÙˆÙ„Ø§Ø¯Ø© Ø­Ø± ÙˆØ³Ù…Ø³Ù… ÙÙŠ ÙƒØ±Ø§Ù…Ø© ÙˆØ³Ù…Ø³Ù… ÙÙŠ Ø­Ù‚ÙˆÙ‚. Ø§Ù„Ù„Ù‡ ÙÙŠ Ø¥Ø¹Ø·Ù‰ Ù‡Ùˆ Ø¹Ù‚Ù„ ÙˆØ¶Ù…ÙŠØ±ØŒ ÙˆÙ„Ø§Ø²Ù… Ù‡Ùˆ Ø³ÙˆÙŠ Ù…Ø¹ ØªØ§Ù†ÙŠ Ù†ÙØ± Ø³Ù…Ø³Ù… Ø£Ø®
005,Afroasiatic,Arabic â€“ Lebanese,udhr_lebanese,"Kill el baÂ¡ar byechlaqÃ² aÄ§rÃ¡r w mÃ¼tasÃ©vyÃ­n bil carÃ¡met w'el Ä§oqÃºq. W hinnÃ© nwahabÃ² xaqel w Ä‘amÃ­r, w xleyun y'xÃ©mlÃ² baxdon el baxed b'rÃºÄ§ el ochuáº…et."
006,Afroasiatic,Arabic â€“ Modern Standard,udhr_ar,ÙŠÙˆÙ„Ø¯ Ø¬Ù…ÙŠØ¹ Ø§Ù„Ù†Ø§Ø³ Ø£Ø­Ø±Ø§Ø±Ø§Ù‹ Ù…ØªØ³Ø§ÙˆÙŠÙ† ÙÙŠ Ø§Ù„ÙƒØ±Ø§Ù…Ø© ÙˆØ§Ù„Ø­Ù‚ÙˆÙ‚. ÙˆÙ‚Ø¯ ÙˆÙ‡Ø¨ÙˆØ§ Ø¹Ù‚Ù„Ø§Ù‹ ÙˆØ¶Ù…ÙŠØ±Ø§Ù‹ ÙˆØ¹Ù„ÙŠÙ‡Ù… Ø§Ù† ÙŠØ¹Ø§Ù…Ù„ Ø¨Ø¹Ø¶Ù‡Ù… Ø¨Ø¹Ø¶Ø§Ù‹ Ø¨Ø±ÙˆØ­ Ø§ï»¹Ø®Ø§Ø¡.
007,Afroasiatic,Arabic â€“ Tunisian,udhr_ar-tunisia,In-nÃ¨s il-kull muludÃ¬n Ä§urrÃ¬n w mitsÃ¨wÃ¬n fiâ€™l-karÃ me wâ€™il-Ä§uqÃ¹q. TagÄ§Å§Ã w gÄ§qal w Å¼amÃ¬r w lÃ¨zim ygÄ§Ã mlu bgÄ§aÅ¼hum kÃ¬f l-axwa.
008,Afroasiatic,Aramaic â€“ Isaric dialect,udhr_aramaic,"YÃ lidÃ¯n Ã¬non Äol-Ã¨naÅ¡Ã«ya ÄwaÃ¾ Ï‡eá¸rrÃ«ya we Å¡Ã wyÃ«ya va Ç§urÄa we va zÃ¬dqÃ«ya. BÃ¬yÃ¬zvÉ™dun yal Ï‡ueÅ¡aba we yal Ã¾eá¸rÃ¾a, we koyÃ¬sË€É™run Ï‡Ã d lÉ™waÃ¾ Ï‡Ã d va ruÏ‡a di Ã Ï‡uÃ¾a."
009,Afroasiatic,Hebrew,udhr_hb,"×›Ö¼Ö¹×œ ×‘Ö¼Ö°× Öµ×™ ×”Ö¸×Ö¸×“Ö¸× × ×•Ö¹×œÖ°×“×•Ö¼ ×‘Ö¼Ö°× Öµ×™ ×—×•Ö¹×¨Ö´×™×Ÿ ×•Ö°×©×Ö¸×•Ö´×™× ×‘Ö¼Ö°×¢Ö¶×¨Ö°×›Ö¼Ö¸× ×•Ö¼×‘Ö´×–Ö°×›Ö»×™Ö¼×•Ö¹×ªÖµ×™×”Ö¶×. ×›Ö¼Ö»×œÖ¼Ö¸× ×—×•Ö¹× Ö°× ×•Ö¼ ×‘Ö¼Ö·×ªÖ¼Ö°×‘×•Ö¼× Ö¸×” ×•Ö¼×‘Ö°×Ö·×¦Ö°×¤Ö¼×•Ö¼×Ÿ, ×œÖ°×¤Ö´×™×›Ö¸×šÖ° ×—×•Ö¹×‘Ö¸×” ×¢Ö²×œÖµ×™×”Ö¶× ×œÖ´× Ö°×”Ö¹×•×’ ×Ö´×™×©× ×‘Ö¼Ö°×¨Öµ×¢Öµ×”×•Ö¼ ×‘Ö¼Ö°×¨×•Ö¼×—Ö· ×©×Ö¶×œ ×Ö·×—Ö²×•Ö¸×”."
010,Afroasiatic,Maltese,udhr_maltese,Il-bnedmin kollha jitwieldu Ä§ielsa u ugwali fid-dinjitÃ  u d-drittijiet. Huma mogÄ§nija bir-raÄ¡uni u bil-kuxjenza u gÄ§andhom inÄ¡ibu ruÄ§hom ma' xulxin bi spirtu ta' aÄ§wa.
011,Afroasiatic,Somali,udhr_so,"Aadanaha dhammaantiis wuxuu dhashaa isagoo xor ah kana siman xagga sharafta iyo xuquuqada. Waxaa Alle siiyay aqoon iyo wacyi, waana in qof la arkaa qofka kale ula dhaqmaa si walaaltinimo ah. | ğ’›ğ’†ğ’–ğ’’ğ’–ğ’”ğ’– ğ’Šğ’–ğ’‘ğ’‘ğ’›ğ’’ğ’‚ğ’•ğ’ˆ ğ’“ğ’šğ’„ğ’“ ğ’Šğ’–ğ’‰ğ’› ğ’˜ğ’ˆğ’–ğ’Œğ’ ğ’„ğ’™ğ’‡ ğ’–ğ’” ğ’ğ’–ğ’’ğ’– ğ’ˆğ’˜ğ’‘ğ’–ğ’’ ğ’„ğ’–ğ’Œğ’Œğ’– ğ’‰ğ’–ğ’‡ğ’–ğ’ğ’‚ğ’– ğ’˜ğ’•ğ’™ ğ’„ğ’šğ’ğ’“ğ’ğ’–ğ’†ğ’– ğ’“ğ’–ğ’„ğ’› ğ’–ğ’ğ’ğ’— ğ’ˆğ’•ğ’•ğ’–ğ’• ğ’–ğ’ğ’ğ’’ ğ’˜ğ’•ğ’™ ğ’“ğ’–ğ’‹ğ’•ğ’˜, ğ’“ğ’›ğ’’ğ’– ğ’˜ğ’’ ğ’ğ’™ğ’ ğ’ğ’– ğ’–ğ’‡ğ’ğ’› ğ’ğ’™ğ’ğ’ğ’– ğ’ğ’–ğ’ğ’— ğ’šğ’ğ’– ğ’Šğ’–ğ’ğ’‘ğ’› ğ’ˆğ’˜ ğ’“ğ’–ğ’ğ’›ğ’ğ’‚ğ’˜ğ’’ğ’˜ğ’‘ğ’™ ğ’–ğ’”"
012,Afroasiatic,Tigrinya,udhr_tigrinya,á‰¥áˆ˜áŠ•á…áˆ­ áŠ­á‰¥áˆ­áŠ• áˆ˜áˆ°áˆáŠ• áŠ©áˆáˆ áˆ°á‰£á‰µ áŠ¥áŠ•á‰µá‹áˆˆáŒ¹ áŠáƒáŠ• áˆ›á‹•áˆ¨áŠ• áŠ¥á‹®áˆá¢ áˆáˆµá‰µá‹á‹“áˆáŠ• áˆ•áˆáŠ“áŠ• á‹á‰°á‹“á‹°áˆáˆ á‰¥áˆá‹ƒáŠ–áˆ á‰¥áˆ•á‹áŠá‰³á‹Š áˆ˜áŠ•áˆáˆµ áŠ­á‰°áˆ“áˆ‹á‹© áŠ£áˆˆá‹áˆá¢
013,Austro-Asiatic,Vietnamese,udhr_vi,ç•¢å“¿æ¯ğ Š›ç”Ÿğ š¢èª¿å¾—è‡ªç”±å§å¹³ç­‰ğ§—±äººå“å§ æ¬Šã€‚æ¯ğ¡¥µğ Š›èª¿å¾—é€ åŒ–é ’æœ±ç†æ™ºå§è‰¯å¿ƒå§å‹¤æ²›å°è™•ğ¢­²è†®ğ¥ªæƒ…æœ‹å‹ã€‚
014,Austronesian,Acehnese,udhr_acehnese,"Bandum ureuÃ«ng lahÃ© deungon meurdÃ©hka, dan deungon martabat dan hak njang saban. Ngon akai geuseumikÃ©, ngon hatÃ© geumeurasa, bandum geutanjoÃ« lagÃ¨Ã« sjÃ¨Ã«dara. Hak dan keumuliaan."
015,Austronesian,Balinese,udhr2_balinese,á¬«á¬“á¬²á¬«á¬¶á¬«á¬¦á¬¸á¬²á¬¦á¬¾á¬“á¬³á­‚á¬«á­„á¬©á¬²á¬¶á¬¦á­„á¬«á¬³á¬ƒá¬¤á¬¶á¬“á¬®á¬¦á­„á¬§á¬¢á¬¾á­ªá­Ÿ â€‹á¬²á¬šî¨¸á¬¦á¬¶á¬‚á¬“á¬³á¬¦á¬¦á­„á¬®á¬¦á­„á¬“á¬¸á¬²á­Ÿ á¬³á¬¶á¬§á¬¸á¬¦á­„á¬“á¬¦á¬¸á¬•á­„á¬­á¬³á¬¶á¬¦á¬¶î©…á¬¯á¬¾á¬“á¬®á¬¦á­„á¬©á¬¸á¬¤á­„á¬¥á¬¶á­Ÿ â€‹á¬§á¬¦á­„á¬¢á¬­á¬¦á¬¶á¬‚á¬«á¬¦á¬¸á¬²á¬«á¬‚á¬¤á¬¦á¬¾â€‹ â€‹á¬§á¬­á¬²á­„á¬§á¬­á­€á¬²á­„á¬«á¬²á¬«á¬¾á¬¢á­€á¬¦á¬¦á­„
016,Austronesian,Bikol,udhr_bikol,An gabos na tawo ipinangaking may katalinkasan asin parantay sa dignidad asin derechos. Sinda gabos tinawan nin pag-isip asin conciencia kaya dapat na makipag-iriba sa lambang saro bilang mga magturugang.
017,Austronesian,Bugisnese,udhr_bugisnese,á¨”á¨—á¨Šá¨—á¨Š á¨‘á¨˜á¨„ á¨ˆá¨•á¨˜ á¨‘á¨— á¨á¨á¨—á¨•á¨Šá¨á¨— á¨‘á¨—á¨’á¨—á¨Šá¨šá¨•á¨™ á¨Šá¨„á¨˜á¨Šá¨•á¨— á¨†á¨Šá¨™á¨Šá¨á¨— á¨‘á¨—á¨•á¨”á¨™á¨Šá¨á¨™ á¨•á¨’á¨™á¨…á¨—á¨‘á¨™á¨ á¨Šá¨„á¨˜á¨Šá¨•á¨— á¨‘á¨—á¨•á¨”á¨™á¨Šá¨á¨™ á¨•á¨€á¨’á¨™á¨ á¨Šá¨„á¨˜á¨Šá¨•á¨— á¨‘á¨—á¨•á¨”á¨™á¨Šá¨á¨™ á¨•á¨ˆá¨— á¨†á¨‘á¨™á¨Šá¨— á¨Š á¨”á¨—á¨…á¨šá¨’á¨™ á¨…á¨šá¨’á¨™á¨Š á¨„á¨‰ á¨”á¨—á¨„á¨€á¨ˆá¨•á¨˜ á¨„á¨‰ á¨†á¨”á¨’á¨”á¨˜á¨‘á¨™á¨
018,Austronesian,Cebuano,udhr_cebuano,Ang tanang katawhan gipakatawo nga may kagawasan ug managsama sa kabililhon. Sila gigasahan sa salabutan ug tanlag og mag-ilhanay isip managsoon sa usa'g-usa diha sa diwa sa ospiritu.
019,Austronesian,Fijian,udhr_fijian,"Era sucu ena galala na tamata yadua, era tautauvata ena nodra dokai kei na nodra dodonu. E tiko na nodra vakasama kei na nodra lewaeloma, sa dodonu mera veidokadokai ena yalo ni veitacini."
020,Austronesian,Hawaiian,udhr_hawaiian,"HÄnau kÅ«'oko'a 'ia nÄ kÄnaka apau loa, a ua kau like ka hanohano a me nÄ pono kÄ«vila ma luna o kÄkou pÄkahi. Ua ku'u mai ka no'ono'o pono a me ka 'ike pono ma luna o kÄkou, no laila, e aloha kÄkou kekahi i kekahi."
021,Austronesian,Indonesian,udhr_in,Semua orang dilahirkan merdeka dan mempunyai martabat dan hak-hak yang sama. Mereka dikaruniai akal dan hati nurani dan hendaknya bergaul satu sama lain dalam semangat persaudaraan.
022,Austronesian,Javanese,udhr_javanese1,ê¦±ê¦§ê¦¼ê¦¤ê§€ê¦²ê¦¸ê¦®ê¦ºê¦´ê¦ê¦ê¦­ê¦²ê¦¶ê¦‚ê¦«ê¦ê§€ê¦ê¦ºê¦ê¦¤ê§€ê¦›ê¦¶ê¦©ê¦‚ê¦¢ê¦¶ê¦ê¦­ê¦¤ê§€ê¦¢ê¦‚ê¦§ê¦ºê¦©ê¦‚ê¦ ê¦§ê¦ ê§€ê¦­ê¦¤ê¦²ê¦ê§€ê¦²ê¦ê§€ê¦ê¦ê¦¥ê¦ê§‰ ê¦ê¦§ê¦ºê¦ƒê¦¥ê¦¶ê¦¤ê¦«ê¦¶ê¦ê¦”ê¦¤ê§€ê¦²ê¦ê¦­ê§€ê¦­ê¦¤ê§€ê¦ê¦­ê§€ê¦§ê¦¸ê¦±ê¦‚ê¦ ê¦ê¦²ê¦—ê¦§ê§€ê¦¥ ê¦±ê¦¿ê¦®ê¦¸ê¦ê¦”ê¦¤ê§€ê¦²ê¦ê¦’ê¦ºê¦´ê¦¤ê§€ê¦¤ê¦ºê¦©ê¦¼ê¦©ê¦¶ ê¦ ê¦¿ê¦¤ê§€ê¦±ê¦¶ê¦—ê¦¶ê¦­ê¦¤ê§€ê¦±ê¦¶ê¦—ê¦¶ê¦¤ê¦ºê¦ê¦¤ê§€ê¦›ê¦¶ê¦—ê¦¶ê¦®ê¦±ê¦¸ê¦©ê¦¢ê¦¸ê¦­ê¦¸ê¦‚ê§‰
023,Austronesian,MÄori,udhr_maori,"Ko te katoa o nga tangata i te whanaungatanga mai e watea ana i nga here katoa; e tauriterite ana hoki nga mana me nga tika. E whakawhiwhia ana hoki ki a ratou te ngakau whai whakaaro me te hinengaro mohio ki te tika me te he, a e tika ana kia meinga te mahi a tetahi ki tetahi me ma roto atu i te wairua o te noho tahi, ano he teina he tuakana i ringa i te whakaaro kotahi."
024,Austronesian,Madurese,udhr_madurese,Sadajana oreng lahir mardika e sarenge drajat klaban hak-hak se dha-padha. Sadajana eparenge akal sareng nurani ban kodu areng-sareng akanca kadi taretan.
025,Austronesian,Malagasy,udhr_malagasy,Teraka afaka sy mitovy zo sy fahamendrehana ny olombelona rehetra. Samy manan-tsaina sy fieritreretana ka tokony hifampitondra ampirahalahiana.
026,Austronesian,Malay,udhr_ms,Semua manusia dilahirkan bebas dan samarata dari segi kemuliaan dan hak-hak. Mereka mempunyai pemikiran dan perasaan hati dan hendaklah bertindak di antara satu sama lain dengan semangat persaudaraan.
027,Austronesian,Minangkabau,udhr_minangkabau,Ø³Ø§Ø¯ÙˆÚ½Ùˆ Ù…Ø£Ù†Ø³ÙŠ Ø¯Ù„Ù‡ÙŠØ§ÙƒÙ† Ù…Ø±Ø¯ÙŠÙƒØ§ Ø¯Ø§Ù† Ú¤ÙˆÚ½Ùˆ Ù…Ø±ØªØ¨Øª Ø³Ø§Ø±Ø§ØªÙˆ Ø­Ù‚-Ø­Ù‚ Ù†Ù† Ø³Ø§Ù…Ùˆ. Ù…Ø±ÙŠÙƒ Ø¯ÙƒØ§Ø±ÙˆÙ†ÙŠØ§ÙŠ Ø§ÙƒØ§ Ø¬Ùˆ Ù‡Ø§ØªÙŠ Ù†ÙˆØ±Ø§Ù†ÙŠØŒ Ø³ÙˆÚ¤ÙŠÙˆ Ø³Ø§ØªÙˆ Ø³Ø§Ù…Ùˆ Ù„Ø§ÙŠÙ† Ø¨Ø§Ú¬Ø§ÙˆÙ„ Ø³Ø§Ø±ÙˆÚ¤Ùˆ Ø§ÙˆØ±Ú  Ø¨Ø§Ø¯ÙˆÙ†Ø³Ø§Ù†Ù‚.
028,Austronesian,Rarotongan,udhr_rarotongan,"Kua anau rangatira ia te tangata katoatoa ma te aiteite i te au tikaanga e te tu ngateitei tiratiratu. Kua ki ia ratou e te mero kimi ravenga e te akavangakau e kia akono tetai i tetai, i roto i te vaerua piri anga taeake."
029,Austronesian,Rejang,udhr_rejang,"KutÃª tun laher mÃªrdiko, tmu'an hok-hok gi srai. KutÃªnÃª nagiakba akÃªa peker ngen atÃªi, kÃªrno o kÃªloknÃª bÃªkuatba do ngen luyÃªn nÃªak lÃªm asai sÃªpasuak."
030,Austronesian,Sundanese,udhr_sundanese,"á®á®Šá®¥á®™á®ªá®” á®á®œá®ªá®™ á®Œá®¥á®˜á®¢á®Œá®ª á®Š á®ƒá®œá®™á®ª á®“á®¥á®‘ á®’á®¨á®‚á®á®¤á®–á®’á®ªá®” á®™á®¨á®›á®ªá®“á®¤á®Š á®á®¦á®€ á®˜á®§á®Œ á®™á®›á®ªá®’á®˜á®’á®ª á®Šá®’á®¥á®’á®ª á® á®Šá®ª-á® á®Šá®ª á®ƒá®”á®¥ á®á®›á®¥á®ƒ. á®™á®›á®”á®¦á®¨á®‚á®” á®“á®¤á®˜á®¨á®›á®¨ á®ƒá®Šá®œá®ª á®á®©á® á®€á®’á®¨ á®”á®¥á®›á®”á®¤, á®á®™á®ªá®•á®¥á®á®›á®ª-á®Œá®…á®œá®ª á®á®©á®€ á®á®á®™á®” á®ƒá®š á®“á®¤á®” á®á®¥á®™á®”á®¨á®’á®ª á®“á®¥á®“á®¥á®œá®¥á®›á®”á®ª."
031,Austronesian,Tagalog,udhr_tl,Ang lahat ng tao'y isinilang na malaya at pantay-pantay sa karangalan at mga karapatan. Sila'y pinagkalooban ng katwiran at budhi at dapat magpalagayan ang isa't isa sa diwa ng pagkakapatiran. | áœ€áœ…áœ” áœáœ‘áœ†áœ” áœ…áœ” áœ†áœ‚áœŒáœ” áœáœáœ’áœˆáœ’áœáœ…áœ” áœˆ áœ‹áœáœŒ áœ€áœ†áœ” áœ‰áœˆáœ”áœ†áœŒáœ”-áœ‰áœˆáœ”áœ†áœŒáœ” áœ áœƒáœ‡áœ…áœáœˆáœ” áœ€áœ†áœ” áœ‹áœ”áœ„ áœƒáœ‡áœ‰áœ†áœˆáœ”áœ¶ áœáœ’áœáœŒáœ” áœ‰áœ’áœˆáœ„áœ”áœƒáœáœ“áœ‚áœŠáœˆáœ” áœ…áœ” áœƒáœ†áœ”áœáœ’áœ‡áœˆáœ” áœ€áœ†áœ” áœŠáœ“áœ‡áœ”áœ‘áœ’ áœ€áœ†áœ” áœ‡áœ‰áœ†áœ” áœ‹áœ„áœ”áœ‰áœáœ„áœŒáœˆáœ” áœ€áœ…áœ” áœáœáœ†áœ” áœáœ áœ áœ‡áœ’áœ áœ…áœ” áœ‰áœ„áœ”áœƒáœƒáœ‰áœ†áœ’áœ‡áœˆáœ”áœ¶
032,Austronesian,Terengganu Malay,udhr_terenganumalay,"Segheme manusie lahÃ©r-lahÃ©r je bÃ©bah, sameghate daghi segi kemulieang nge hok-hok ye. MasÃ©ng-masÃ©ng ade ppikÃ©ghang nge peghasaang, kene tulong antaghe satu same laÃ©ng nge semangak pesedagheang."
033,Austronesian,Tetum,udhr_tetum,"Ema hotu hotu moris hanesan ho dignidade ho direitu. Sira hotu iha hanoin, konsiensia n'e duni tenki hare malu hanesan espiritu maun-alin."
034,Austronesian,Tuvaluan,udhr_tuvaluan,"E fÄ'nau mai a tino katoa i te saolotoga kae e 'pau telotou tÅ«laga fakaaloalogina mo telotou aiÄ. Ne tuku atu ki a lÄtou a te mafaufau mo te loto lagona, tÄ“lÄ lÄ, e 'tau o gÄ'lue fakatasi lÄtou e pÄ“lÄ me ne taina."
035,Bantu,Swahili,udhr_swahili,"Watu wote wamezaliwa huru, hadhi na haki zao ni sawa. Wote wamejaliwa akili na dhamiri, hivyo yapasa watendeane kindugu."
036,Bantu,Zulu,udhr_zulu,Bonke abantu bazalwa bekhululekile belingana ngesithunzi nangamalungelo. Bahlanganiswe wumcabango nangunembeza futhi kufanele baphathane ngomoya wobunye.
037,Celtic,Irish Gaelic,udhr_irish,SaolaÃ­tear na daoine uile saor agus comhionann ina ndÃ­nit agus ina gcearta. TÃ¡ bua an rÃ©asÃºin agus an choinsiasa acu agus dlÃ­d iad fÃ©in d'iompar de mheon brÃ¡ithreachais i leith a chÃ©ile.
038,Celtic,Manx Gaelic,udhr_gv,Ta dagh chooilley ghooinney ruggit seyr as corrym rish dy chooilley ghooinney elley ayns ooashley as ayns cairys. Ta resoon as cooinsheanse stowit orroo as lhisagh ad dellal rish y cheilley lesh spyrryd braaraghyn.
039,Celtic,Scottish Gaelic,udhr_ga,"Rugadh na h-uile duine saor agus co-ionnan nan urram 's nan cÃ²irichean. Tha iad reusanta is cogaiseach, agus bu chÃ²ir dhaibh a ghiÃ¹lain ris a chÃ¨ile ann an spiorad brÃ thaireil."
040,Celtic,Welsh,udhr_cy,"Genir pawb yn rhydd ac yn gydradd Ã¢'i gilydd mewn urddas a hawliau. Fe'u cynysgaeddir Ã¢ rheswm a chydwybod, a dylai pawb ymddwyn y naill at y llall mewn ysbryd cymodlon."
041,Constructed,Esperanto,udhr_esperanto,"Äˆiuj homoj estas denaske liberaj kaj egalaj laÅ­ digno kaj rajtoj. Ili posedas racion kaj konsciencon, kaj devus konduti unu al alia en spirito de frateco."
042,Constructed,Folkspraak,udhr_folkspraak,All mensklik wesings Ã¢re boren frÃ® on' gelÃ®k in werÄ‘igheid on' rejte. ÄÃª Ã¢re begifted mid ferstand on' gewitt on' skulde behandele ÃªlkÃªn in en gÃªst av brÃ´Ä‘erhÃªd.
043,Constructed,Ido,udhr_ido,Omna homi naskas libera ed egala relate digneso e yuri. Li es dotita perraciono e koncienco e devas agar vers l'una l'altra en spirito di frateso.
044,Constructed,Lingua Franca Nova,udhr_lfn,Ğ¢Ğ¾Ñ‚Ğ° ÑƒĞ¼Ğ°Ğ½ĞµÑ Ğ½Ğ°ÑĞµ Ğ»Ğ¸Ğ±Ñ€Ğµ Ğµ ĞµĞ³Ğ°Ğ» ĞµĞ½ Ğ´Ğ¸Ğ½Ğ¸Ğ° Ğµ Ğ´Ğ¸Ñ€ĞµÑ‚Ğ¾Ñ. Ğ›Ğ¾Ñ ĞµÑ Ğ´Ğ¾Ğ½Ğ°Ğ´Ğ° Ñ€Ğ°Ğ·Ğ¾Ğ½Ğ° Ğµ ĞºĞ¾Ğ½ÑĞ¸ĞµĞ½ÑĞ° Ğµ Ğ´ĞµĞ±Ğµ Ğ°Ñ‚Ğ° Ğ»Ğ° ÑƒĞ½ Ğ° Ğ»Ğ° Ğ¾Ñ‚Ñ€Ğ° ĞµĞ½ ÑƒĞ½ ÑĞ¿Ğ¸Ñ€Ğ¸Ñ‚Ğ¾ Ğ´Ğµ Ñ„Ñ€Ğ°Ñ‚Ğ¸Ğ°.
045,Constructed,Lojban,udhr_lojban,ro remna cu se jinzi co zifre je simdu'i be le ry. nilselsi'a .e lei ry. selcru .i ry. se menli gi'e se sezmarde .i .ei jeseki'ubo ry. simyzu'e ta'i le tunba
046,Constructed,Toki Pona,udhr_tokipona,"jan ale/ali li kama lon nasin ni: ona li ken pali e wile ona. ona li jo e suli jan sama e ken sama. ona li jo e sona pona e lawa insa pi pali pona. ni la, ona li wile pali tawa jan ante ale/ali kepeken nasin olin."
047,Constructed,VolapÃ¼k,udhr_volapuk,"Mens valik pemotons libiko e leigiko tefÃ¼ digÃ¤d e gitÃ¤ts. Labons tikÃ¤li e konsieni, e sÃ¶tons kosÃ¤dÃ¶n ko ods siÃ¤mÃ¼ svistÃ¤l."
048,Dravidian,Kannada,udhr_kn,à²à²²à³à²²à²¾ à²®à²¾à²¨à²µà²°à³‚ à²¸à³à²µà²¤à²‚à²¤à³à²°à²°à²¾à²—à²¿à²¯à³‡ à²œà²¨à²¿à²¸à²¿à²¦à³à²¦à²¾à²°à³†. à²¹à²¾à²—à³‚ à²˜à²¨à²¤à³† à²®à²¤à³à²¤à³ à²¹à²•à³à²•à³ à²—à²³à²²à³à²²à²¿ à²¸à²®à²¾à²¨à²°à²¾à²—à²¿à²¦à³à²¦à²°à³†. à²µà²¿à²µà³‡à²• à²®à²¤à³à²¤à³ à²…à²‚à²¤à²ƒà²•à²°à²£ à²—à²³à²¨à³à²¨à³ à²ªà²¡à³†à²¦à²µà²°à²¾à²¦à³à²¦à²°à²¿à²‚à²¦ à²…à²µà²°à³ à²ªà²°à²¸à³à²ªà²° à²¸à²¹à³‹à²¦à²° à²­à²¾à²µà²¦à²¿à²‚à²¦ à²µà²°à³à²¤à²¿à²¸à²¬à³‡à²•à³.
049,Dravidian,Malayalam,udhr_malayalam,à´®à´¨àµà´·àµà´¯à´°àµ†à´²àµà´²à´¾à´µà´°àµà´‚ à´¤àµà´²àµà´¯à´¾à´µà´•à´¾à´¶à´™àµà´™à´³àµ‹à´Ÿàµà´‚ à´…à´¨àµà´¤à´¸àµà´¸àµ‹à´Ÿàµà´‚ à´¸àµà´µà´¾à´¤à´¨àµà´¤àµà´°àµà´¯à´¤àµà´¤àµ‹à´Ÿàµà´‚à´•àµ‚à´Ÿà´¿ à´œà´¨à´¿à´šàµà´šà´µà´°à´¾à´£àµ. à´…à´¨àµà´¯àµ‹à´¨àµà´¯à´‚ à´­àµà´°à´¾à´¤àµƒà´­à´¾à´µà´¤àµà´¤àµ‹à´Ÿàµ† à´ªàµ†à´°àµà´®à´¾à´±àµà´µà´¾à´¨à´¾à´£àµ à´®à´¨àµà´·àµà´¯à´¨àµà´¨àµ à´µà´¿à´µàµ‡à´•à´¬àµà´¦àµà´§à´¿à´¯àµà´‚ à´®à´¨à´¸àµà´¸à´¾à´•àµà´·à´¿à´¯àµà´‚ à´¸à´¿à´¦àµà´§à´®à´¾à´¯à´¿à´°à´¿à´•àµà´•àµà´¨àµà´¨à´¤àµ.
050,Dravidian,Tamil,udhr_tamil,à®®à®©à®¿à®¤à®ªà¯ à®ªà®¿à®±à®µà®¿à®¯à®¿à®©à®°à¯ à®šà®•à®²à®°à¯à®®à¯ à®šà¯à®¤à®¨à¯à®¤à®¿à®°à®®à®¾à®•à®µà¯‡ à®ªà®¿à®±à®•à¯à®•à®¿à®©à¯à®±à®©à®°à¯; à®…à®µà®°à¯à®•à®³à¯ à®®à®¤à®¿à®ªà¯à®ªà®¿à®²à¯à®®à¯ à®‰à®°à®¿à®®à¯ˆà®•à®³à®¿à®²à¯à®®à¯ à®šà®®à®®à®¾à®©à®µà®°à¯à®•à®³à¯. à®…à®µà®°à¯à®•à®³à¯ à®¨à®¿à®¯à®¾à®¯à®¤à¯à®¤à¯ˆà®¯à¯à®®à¯ à®®à®©à®šà®¾à®Ÿà¯à®šà®¿à®¯à¯ˆà®¯à¯à®®à¯ à®‡à®¯à®±à¯à®ªà®£à¯à®ªà®¾à®•à®ªà¯ à®ªà¯†à®±à¯à®±à®µà®°à¯à®•à®³à¯. à®…à®µà®°à¯à®•à®³à¯ à®’à®°à¯à®µà®°à¯à®Ÿà®©à¯Šà®°à¯à®µà®°à¯ à®šà®•à¯‹à®¤à®° à®‰à®£à®°à¯à®µà¯à®ªà¯ à®ªà®¾à®™à¯à®•à®¿à®²à¯ à®¨à®Ÿà®¨à¯à®¤à¯à®•à¯Šà®³à¯à®³à®²à¯ à®µà¯‡à®£à¯à®Ÿà¯à®®à¯.
051,Eskimo-Aleut,Greenlandic,udhr_kl,"Inuit tamarmik inunngorput nammineersinnaassuseqarlutik assigiimmillu ataqqinassuseqarlutillu pisinnaatitaaffeqarlutik. Silaqassusermik tarnillu nalunngissusianik pilersugaapput, imminnullu iliorfigeqatigiittariaqaraluarput qatanngutigiittut peqatigiinnerup anersaavani."
052,Indo-European â€“ Albanian,Albanian â€“ Gheg,udhr_albanian-gheg,Zhdo njeri kan le t'lir mÃª njÃ£jit dinjitÃªt edhÃª dreta. Ata jan tÃ« pajisun mÃª mÃªnjÃª edhÃª vet-dijÃª edhÃª duhÃ«n tÃ« veprÃ´jn ka njÃ£ni-tjetrin mÃª nji shpirt vllÃ¢znimit.
053,Indo-European â€“ Albanian,Albanian â€“ Tosk,udhr_sq,TÃ« gjithÃ« njerÃ«zit lindin tÃ« lirÃ« dhe tÃ« barabartÃ« nÃ« dinjitet dhe nÃ« tÃ« drejta. Ata kanÃ« arsye dhe ndÃ«rgjegje dhe duhet tÃ« sillen ndaj njÃ«ri tjetrit me frymÃ« vÃ«llazÃ«rimi.
054,Indo-European â€“ Armenian,Eastern Armenian,udhr_hy,"Ô²Õ¸Õ¬Õ¸Ö€ Õ´Õ¡Ö€Õ¤Õ«Õ¯ Õ®Õ¶Õ¾Õ¸Ö‚Õ´ Õ¥Õ¶ Õ¡Õ¦Õ¡Õ¿ Õ¸Ö‚ Õ°Õ¡Õ¾Õ¡Õ½Õ¡Ö€` Õ«Ö€Õ¥Õ¶Ö Õ¡Ö€ÕªÕ¡Õ¶Õ¡ÕºÕ¡Õ¿Õ¾Õ¸Ö‚Õ©ÕµÕ¡Õ´Õ¢ Ö‡ Õ«Ö€Õ¡Õ¾Õ¸Ö‚Õ¶Ö„Õ¶Õ¥Ö€Õ¸Õ¾: Õ†Ö€Õ¡Õ¶Ö„ Ö…ÕªÕ¿Õ¾Õ¡Õ® Õ¥Õ¶ Õ¢Õ¡Õ¶Õ¡Õ¯Õ¡Õ¶Õ¸Ö‚Õ©ÕµÕ¡Õ´Õ¢ Õ¸Ö‚ Õ­Õ²Õ³Õ¸Õ¾, Ö‡ ÕºÕ¡Ö€Õ¿Õ¡Õ¾Õ¸Ö€ Õ¥Õ¶ Õ´Õ«Õ´ÕµÕ¡Õ¶Ö Õ¶Õ¯Õ¡Õ¿Õ´Õ¡Õ´Õ¢ Õ¾Õ¡Ö€Õ¾Õ¥Õ¬ Õ¥Õ²Õ¢Õ¡ÕµÖ€Õ¸Ö‚Õ©ÕµÕ¡Õ¶ Õ¸Õ£Õ¸Õ¾."
055,Indo-European â€“ Armenian,Western Armenian,udhr_hy-western,"Ô²Õ¸Õ¬Õ¸Ö€ Õ´Õ¡Ö€Õ¤Õ«Õ¯ Õ¯Õ¨ Õ®Õ¶Õ¸Ö‚Õ«Õ¶ Õ¡Õ¦Õ¡Õ¿ Õ¥Ö‚ Õ°Õ¡Ö‚Õ¡Õ½Õ¡Ö€ Õ«Ö€Õ¥Õ¶Ö Õ¡Ö€ÕªÕ¡Õ¶Õ¡ÕºÕ¡Õ¿Õ¸Ö‚Õ¸Ö‚Õ©Õ¥Õ¡Õ´Õ¢ Õ¥Ö‚ Õ«Ö€Õ¡Ö‚Õ¸Ö‚Õ¶Ö„Õ¶Õ¥Ö€Õ¸Õ¾: Ô»Ö€Õ¥Õ¶Ö„ Ö…ÕªÕ¿Õ¸Ö‚Õ¡Õ® Õ¥Õ¶ Õ¢Õ¡Õ¶Õ¡Õ¯Õ¡Õ¶Õ¸Ö‚Õ©Õ¥Õ¡Õ´Õ¢ Õ¸Ö‚ Õ­Õ«Õ²Õ³Õ¸Õ¾, Õ¥Ö‚ ÕºÕ¡Ö€Õ¿Õ¡Ö‚Õ¸Ö€Õ¸Ö‚Õ¡Õ® Õ¥Õ¶ Õ´Õ«Õ´Õ¥Õ¡Õ¶Ö Õ°Õ¡Õ¶Õ¤Õ§Õº Õ¥Õ²Õ¢Õ¡ÕµÖ€Õ¸Ö‚Õ©Õ¥Õ¡Õ¶ Õ¸Õ£Õ«Õ¸Õ¾ Õ¾Õ¡Ö€Õ¸Ö‚Õ«Õ¬:"
056,Indo-European â€“ Baltic,Latvian,udhr_latvian,"Visi cilvÄ“ki piedzimst brÄ«vi un vienlÄ«dzÄ«gi savÄ paÅ¡cieÅ†Ä un tiesÄ«bÄs. ViÅ†i ir apveltÄ«ti ar saprÄtu un sirdsapziÅ†u, un viÅ†iem jÄizturas citam pret citu brÄlÄ«bas garÄ."
057,Indo-European â€“ Baltic,Lithuanian,udhr_lt,Visi Å¾monÄ—s gimsta laisvi ir lygÅ«s savo orumu ir teisÄ—mis. Jiems suteiktas protas ir sÄ…Å¾inÄ— ir jie turi elgtis vienas kito atÅ¾vilgiu kaip broliai.
058,Indo-European â€“ Germanic,Afrikaans,udhr_af,"Alle menslike wesens word vry, met gelyke waardigheid en regte, gebore. Hulle het rede en gewete en behoort in die gees van broederskap teenoor mekaar op te tree."
059,Indo-European â€“ Germanic,Danish,udhr_dk,"Alle mennesker er fÃ¸dt frie og lige i vÃ¦rdighed og rettigheder. De er udstyret med fornuft og samvittighed, og de bÃ¸r handle mod hverandre i en broderskabets Ã¥nd."
060,Indo-European â€“ Germanic,Dutch,udhr_nl,"Alle mensen worden vrij en gelijk in waardigheid en rechten geboren. Zij zijn begiftigd met verstand en geweten, en behoren zich jegens elkander in een geest van broederschap te gedragen."
061,Indo-European â€“ Germanic,East Frisian,udhr_eastfrisian,Ã‚l minsken wordent frÃ¤j un glÄ«k in wÄ“rderÄŸkaid un rechten bÅren. SÃ¤i hebbent kÃ¼en un gewÃ¤iten mitkrÄ“gen un sÃ¶Ã¶lent mitnanner in brÃ¶rskup lÄ“ven.
062,Indo-European â€“ Germanic,English,udhr_en,All human beings are born free and equal in dignity and rights. They are endowed with reason and conscience and should act towards one another in a spirit of brotherhood.
063,Indo-European â€“ Germanic,Faroese,udhr_faroese,Ã˜ll menniskju eru fÃ¸dd frÃ¦ls og jÃ¸vn til virÃ°ingar og mannarÃ¦ttindi. Tey hava skil og samvitsku og eiga at fara hvÃ¸rt um annaÃ° Ã­ brÃ³Ã°uranda.
064,Indo-European â€“ Germanic,Swiss German â€“ Lucerne dialect,udhr_swissgerman,Alli MÃ¶nshe send frey ond geboore met gliicher WÃ¶rd ond gliiche RÃ¤cht. Si send xÃ¤gnet met Vernonft ond GwÃ¶sse ond sÃ¶lled enand e brÃ¼ederlechem GÃ¤isht begÃ¤gne.
065,Indo-European â€“ Germanic,German,udhr_de,Alle Menschen sind frei und gleich an WÃ¼rde und Rechten geboren. Sie sind mit Vernunft und Gewissen begabt und sollen einander im Geist der BrÃ¼derlichkeit begegnen.
066,Indo-European â€“ Germanic,Icelandic,udhr_is,"Hver maÃ°ur er borinn frjÃ¡ls og jafn Ã¶Ã°rum aÃ° virÃ°ingu og rÃ©ttindum. Menn eru gÃ¦ddir vitsmunum og samvisku, og ber Ã¾eim aÃ° breyta brÃ³Ã°urlega hverjum viÃ° annan."
067,Indo-European â€“ Germanic,Luxembourgish,udhr_lb,All MÃ«nsch kÃ«nnt frÃ¤i a mat deer selwechter DignitÃ©it an dene selwechte Rechter op d'Welt. Jiddereen huet sÃ¤i Verstand a sÃ¤i GewÃ«sse krut an soll an engem Geescht vu Bridderlechkeet denen anere gÃ©intiwwer handelen.
068,Indo-European â€“ Germanic,North Low Saxon,udhr_lowsaxon,"Wat WÃ¶Ã¶rd' un Rechten sÃ¼nd, daar sÃ¼nd all de Minschen free un liek mit boorn. Se hebbt dat TÃ¼Ã¼g fÃ¶r Vernimm un GewÃ¤ten mitkrÃ¤gen, un dat bÃ¶Ã¶rt jÃ¼m, dat se eenanner in'n Geest vun BrÃ¶derschup in de MÃ¶Ã¶t kaamt."
069,Indo-European â€“ Germanic,Norwegian BokmÃ¥l,udhr_no,Alle mennesker er fÃ¸dt frie og med samme menneskeverd og menneskerettigheter. De er utstyrt med fornuft og samvittighet og bÃ¸r handle mot hverandre i brorskapets Ã¥nd.
070,Indo-European â€“ Germanic,Norwegian Nynorsk,udhr_ny,Alle menneske er fÃ¸dde til fridom og med same menneskeverd og menneskerettar. Dei har fÃ¥tt fornuft og samvit og skal leve med kvarandre som brÃ¸r.
071,Indo-European â€“ Germanic,Old English,udhr_oldenglish,"Ealle menn sindon Äre and rihtes efen Ä¡eboren, and frÄ“o. Him sindon Ä¡iefeÃ¾e Ä¡erÄd and inÄ¡ehyÄ¡d, and hÄ« sÄ‹ulon dÅn tÅ ÅÃ¾rum on brÅÃ¾orsÄ‹ipes fÄ“ore."
072,Indo-European â€“ Germanic,Old Norse,udhr_oldnorse,"Allir menn eru bornir frjÃ¡lsir ok jafnir at virÃ°ingu ok rÃ©ttum. Ãeir eru allir viti gÅ“ddir ok samvizku, ok skulu gÃ¸ra hvÃ¡rr til annars brÃ³Ã°urliga."
073,Indo-European â€“ Germanic,Swedish,udhr2_sv,Alla mÃ¤nniskor Ã¤r fÃ¶dda fria och lika i vÃ¤rdighet och rÃ¤ttigheter. De Ã¤r utrustade med fÃ¶rnuft och samvete och bÃ¶r handla gentemot varandra i en anda av broderskap.
074,Indo-European â€“ Germanic,Sylt â€“ Insular North Frisian language,udhr_northfrisian-sylt,"Ali Mensken sen frii, likwÄ“rtig en me disalev Rochten bÄ“ren. Ja haa Forstant en Giweeten mefingen en skul arkÃ¼Ä‘er Ã¼s BrÃ¶Ä‘ern Ã¶ntÃ¶Ã¶gentreer."
075,Indo-European â€“ Germanic,VÃ¤rmlandic,udhr_varmlandic,All mensher Ã¤ fÃ¶dd fri Ã¥ Ã¤ lik i vaaL Ã¥ rÃ¤tt. De 'a gÃ»es Ã´mdÃ¶mm Ã¥ samvett Ã¥ boL hannel a varanner i broderskapsÃ¥nn.
076,Indo-European â€“ Germanic,West Frisian,udhr_westfrisian,Alle minsken wurde frij en gelyk yn weardigens en rjochten berne. Hja hawwe ferstÃ¢n en gewisse meikrigen en hearre har foar inoar oer yn in geast fan bruorskip te hÃ¢lden en te dragen.
077,Indo-European â€“ Germanic,Yiddish â€“ Taytsch,udhr_yiddish,Yeder mentsh vert geboyrn fray un glaykh in koved un rekht. Yeder vert bashonkn mit farshtand un gevisn; yeder zol zikh firn mit a tsveytn in a gemit fun brudershaft.
078,Indo-European â€“ Hellenic,Greek,udhr_greek2,"ÎŸÎ»Î¿Î¹ Î¿Î¹ Î¬Î½Î¸ÏÏ‰Ï€Î¿Î¹ Î³ÎµÎ½Î½Î¹Î¿ÏÎ½Ï„Î±Î¹ ÎµÎ»ÎµÏÎ¸ÎµÏÎ¿Î¹ ÎºÎ±Î¹ Î¯ÏƒÎ¿Î¹ ÏƒÏ„Î·Î½ Î±Î¾Î¹Î¿Ï€ÏÎ­Ï€ÎµÎ¹Î± ÎºÎ±Î¹ Ï„Î± Î´Î¹ÎºÎ±Î¹ÏÎ¼Î±Ï„Î±. Î•Î¯Î½Î±Î¹ Ï€ÏÎ¿Î¹ÎºÎ¹ÏƒÎ¼Î­Î½Î¿Î¹ Î¼Îµ Î»Î¿Î³Î¹ÎºÎ® ÎºÎ±Î¹ ÏƒÏ…Î½ÎµÎ¯Î´Î·ÏƒÎ·, ÎºÎ±Î¹ Î¿Ï†ÎµÎ¯Î»Î¿Ï…Î½ Î½Î± ÏƒÏ…Î¼Ï€ÎµÏÎ¹Ï†Î­ÏÎ¿Î½Ï„Î±Î¹ Î¼ÎµÏ„Î±Î¾Ï Ï„Î¿Ï…Ï‚ Î¼Îµ Ï€Î½ÎµÏÎ¼Î± Î±Î´ÎµÎ»Ï†Î¿ÏƒÏÎ½Î·Ï‚."
079,Indo-European â€“ Indo-Iranian,Assamese,udhr_assamese,"à¦œà¦¨à§à¦®à¦—à¦¤à¦­à¦¾à§±à§‡ à¦¸à¦•à¦²à§‹ à¦®à¦¾à¦¨à§à¦¹ à¦®à§°à§à¦¯à§à¦¯à¦¦à¦¾ à¦†à§°à§ à¦…à¦§à¦¿à¦•à¦¾à§°à¦¤ à¦¸à¦®à¦¾à¦¨ à¦†à§°à§ à¦¸à§à¦¬à¦¤à¦¨à§à¦¤à§à§°à¥¤ à¦¤à§‡à¦“à¦à¦²à§‹à¦•à§° à¦¬à¦¿à¦¬à§‡à¦• à¦†à¦›à§‡, à¦¬à§à¦¦à§à¦§à¦¿ à¦†à¦›à§‡à¥¤ à¦¤à§‡à¦“à¦à¦²à§‹à¦•à§‡ à¦ªà§à§°à¦¤à§à¦¯à§‡à¦•à§‡ à¦ªà§à§°à§‡à¦¤à§à¦¯à§‡à¦•à¦• à¦­à§à§°à¦¾à¦¤à§ƒà¦­à¦¾à§±à§‡ à¦¬à§à¦¯à§±à¦¹à¦¾à§° à¦•à§°à¦¾ à¦‰à¦šà¦¿à¦¤à¥¤"
080,Indo-European â€“ Indo-Iranian,Bengali,udhr_bn,à¦¸à¦®à¦¸à§à¦¤ à¦®à¦¾à¦¨à§à¦· à¦¸à§à¦¬à¦¾à¦§à§€à¦¨à¦­à¦¾à¦¬à§‡ à¦¸à¦®à¦¾à¦¨ à¦®à¦°à§à¦¯à¦¾à¦¦à¦¾ à¦à¦¬à¦‚ à¦…à¦§à¦¿à¦•à¦¾à¦° à¦¨à¦¿à¦¯à¦¼à§‡ à¦œà¦¨à§à¦®à¦—à§à¦°à¦¹à¦£ à¦•à¦°à§‡ | à¦¤à¦¾à¦à¦¦à§‡à¦° à¦¬à¦¿à¦¬à§‡à¦• à¦à¦¬à¦‚ à¦¬à§à¦¦à§à¦§à¦¿ à¦†à¦›à§‡ à¦¸à§à¦¤à¦°à¦¾à¦‚ à¦¸à¦•à¦²à§‡à¦°à¦‡ à¦à¦•à§‡ à¦…à¦ªà¦°à§‡à¦° à¦ªà§à¦°à¦¤à¦¿ à¦­à§à¦°à¦¾à¦¤à§ƒà¦¤à§à¦¬à¦¸à§à¦²à¦­ à¦®à¦¨à§‹à¦­à¦¾à¦¬ à¦¨à¦¿à¦¯à¦¼à§‡ à¦†à¦šà¦°à¦£ à¦•à¦°à¦¾ à¦‰à¦šà¦¿à¦¤à§ |
081,Indo-European â€“ Indo-Iranian,Chittagonian,udhr_chittagonian,à¦¬à¦¿à§Ÿà¦¾à¦• à¦®à¦¾à¦¨à§à¦¶ à¦‡à¦œà§â€Œà¦œà¦¤ à¦à¦¦â€Œà§à¦¦à§‡ à¦…à¦¼à¦•à¦° à¦‡à¦¼à¦¶à¦¾à¦¬à§‡ à¦†à¦œà¦¾à¦¦ à¦†à¦° à¦‰à¦¼à§Ÿà¦¾à¦‡à¦¨à§â€Œà¦¨à¦¾ à¦…à¦¼à¦‡à§Ÿà§‡à¦°à§‡ à¦«à¦¼à§Ÿà¦¦à¦¾ à¦…à¦¼à§Ÿà¥¤ à¦‡à¦¼à¦¤à¦¾à¦°à¦¾à¦¤à§â€Œà¦¤à§ à¦†à¦¹à¦² à¦à¦¦à§â€Œà¦¦à§‡ à¦¬à¦¿à¦¬à§‡à¦• à¦†à¦›à§‡ ; à¦à¦¤à¦²à§â€Œà¦²à¦¾à§Ÿ à¦à¦œà§â€Œà¦œà¦¨ à¦†à¦°à§‡à¦œà§â€Œà¦œà¦¨à¦° à¦‰à¦¼à§Ÿà¦¾à¦°à§‡ à¦­à¦¾à¦‡à§Ÿà§à¦° à¦¨à¦¾à¦¨ à¦¬à§‡à¦­à¦¾à¦° à¦—à¦°à¦¨ à¦¦à¦°à¦¹à¦¾à¦°à¥¤
082,Indo-European â€“ Indo-Iranian,Hindi,udhr_hindi,à¤¸à¤­à¥€ à¤®à¤¨à¥à¤·à¥à¤¯à¥‹à¤‚ à¤•à¥‹ à¤—à¥Œà¤°à¤µ à¤”à¤° à¤…à¤§à¤¿à¤•à¤¾à¤°à¥‹à¤‚ à¤•à¥‡ à¤®à¤¾à¤®à¤²à¥‡ à¤®à¥‡à¤‚ à¤œà¤¨à¥à¤®à¤œà¤¾à¤¤ à¤¸à¥à¤µà¤¤à¤¨à¥à¤¤à¥à¤°à¤¤à¤¾ à¤”à¤° à¤¸à¤®à¤¾à¤¨à¤¤à¤¾ à¤ªà¥à¤°à¤¾à¤ªà¥à¤¤ à¤¹à¥ˆà¥¤ à¤‰à¤¨à¥à¤¹à¥‡à¤‚ à¤¬à¥à¤¦à¥à¤§à¤¿ à¤”à¤° à¤…à¤¨à¥à¤¤à¤°à¤¾à¤¤à¥à¤®à¤¾ à¤•à¥€ à¤¦à¥‡à¤¨ à¤ªà¥à¤°à¤¾à¤ªà¥à¤¤ à¤¹à¥ˆ à¤”à¤° à¤ªà¤°à¤¸à¥à¤ªà¤° à¤‰à¤¨à¥à¤¹à¥‡à¤‚ à¤­à¤¾à¤ˆà¤šà¤¾à¤°à¥‡ à¤•à¥‡ à¤­à¤¾à¤µ à¤¸à¥‡ à¤¬à¤°à¥à¤¤à¤¾à¤µ à¤•à¤°à¤¨à¤¾ à¤šà¤¾à¤¹à¤¿à¤à¥¤
083,Indo-European â€“ Indo-Iranian,Kashmiri,udhr_kashmiri,Ø³Ù”Ø±ÛŒ Ù„ÙÚ©Ú¾ Ú†Ù‡ÛÙ• Ø­Ù‚ÙˆÙ—Ù‚ ØªÙÛ Ø¹Ø²Øª Ù„ÙØ­Ø§Ø¸Ù• ÛÙÛÛŒÙ– Ú˜Ø§Ù…ÙØª. ØªÙÙ…Ù† Ú†Ù‡â€ÛÙ Ø¶Ù…ÙŠØ± ØªÙÛ Ø¹ÙÙ‚Ù„ Ø¯ÙÙ†Ù Ø¢Ù…Ù•Ú˜. ØªÙ”ÙˆÛ’ Ù¾ÙØ²Ù• ØªÙÙ…Ù† Ø¨Ú¾Ù²Ø¦ÛŒ Ø¨Ø±Ø§Ø¯Ø±ÛŒ Ø³Ø§Ù†Ù› Ø±ÙˆØ²ÙÙ†.
084,Indo-European â€“ Indo-Iranian,Khowar,udhr_khowar,Saf insÄn ÄzÄd wa á¸¥uqÅ«q-ochay izzato Ä—Ê¿tibÄro sora barÄbaar paidÄ biti asuni. hetantey Å¼amÄ«r Ã´chay Ê¿aql ataa koronu biti sher. Hey bachen hetan taan muzhi brar gariyo sulÅ«k korelik.
085,Indo-European â€“ Indo-Iranian,Kurdish,udhr_kurdish,HemÃ» mirov azad Ã» di weqar Ã» mafan de wekhev tÃªn dinyayÃª. Ew xwedÃ® hiÅŸ Ã» ÅŸuÃ»r in Ã» divÃª li hember hev bi zihniyeteke bratiyÃª bilivin.
086,Indo-European â€“ Indo-Iranian,Maldivian,udhr_maldivian,Ş€ŞªŞƒŞ¨Ş€Ş§ Ş‡Ş¨Ş‚Ş°ŞŞ§Ş‚ŞªŞ‚Ş° ŞˆŞ¬ŞŞ° Ş‡ŞªŞŠŞ¦Ş‚Ş°ŞˆŞ¦Ş‚Ş©ØŒ Ş‹Ş¦ŞƒŞ¦Ş–Ş¦Ş‡Ş§Ş‡Ş¨ Ş™Ş¦Ş‡Ş°Ş¤ŞªŞŒŞ¦Ş†ŞªŞŞ¦Ş‡Ş¨ Ş‰Ş¨Ş‚Ş¨ŞˆŞ¦Ş‚Ş°Ş†Ş¦Ş‰Ş§Ş‡Ş¨ Ş€Ş¦Ş‰Ş¦Ş€Ş¦Ş‰Ş¦Ş†Ş¦Ş‚Ş° ŞŞ¨Ş„Ş¨ŞŞ¬Ş‚Ş°ŞˆŞ§ Ş„Ş¦Ş‡Ş¬Ş‡Ş°ŞŞ¬ ŞŞ®ŞŒŞªŞŞ¦Ş‡Ş¬ŞˆŞ¬. Ş‡Ş¬Ş‰Ş©Ş€ŞªŞ‚Ş°Ş‚Ş¦ŞŞ° Ş€Ş¬Ş”Ş® ŞˆŞ¨ŞŞ°Ş‚ŞªŞ‰Ş§Ş‡Ş¨ØŒ Ş€Ş¬Ş”Ş® Ş„ŞªŞ‡Ş°Ş‹Ş©ŞŞ¬ Ş„Ş§ŞƒŞª ŞŞ¨Ş„Ş¨ŞŞ¬Ş‚Ş°ŞˆŞ¬Ş‡Ş¬ŞˆŞ¬. Ş‡Ş¦Ş‹Ş¨ Ş‡Ş¬Ş‰Ş©Ş€ŞªŞ‚Ş° Ş‡Ş¬Ş†Ş¦Ş†Şª Ş‡Ş¦Ş‚Ş¬Ş†Ş¦Ş†Ş§ Ş‰Ş¬Ş‹Şª Ş‰ŞªŞ¢Ş§Ş‰Ş¦ŞŞ§ŞŒŞ° Ş†ŞªŞƒŞ¦Ş‚Ş°ŞˆŞ§Ş‚Ş©ØŒ Ş‡ŞªŞšŞªŞ‡Ş°ŞˆŞ¦ŞŒŞ°ŞŒŞ¬ŞƒŞ¨ Ş†Ş¦Ş‰ŞªŞŞ¬ ŞƒŞ«Ş™Ş¬Ş‡Ş°ŞŞ¦Ş‡Ş¬ŞˆŞ¬.
087,Indo-European â€“ Indo-Iranian,Marathi,udhr_marathi,à¤¸à¤°à¥à¤µ à¤®à¤¨à¥à¤·à¥à¤¯à¤œà¤¾à¤¤ à¤œà¤¨à¥à¤®à¤¤à¤ƒà¤š à¤¸à¥à¤µà¤¤à¤‚à¤¤à¥à¤° à¤†à¤¹à¥‡ à¤µ à¤¸à¤°à¥à¤µà¤œà¤£à¤¾à¤‚à¤¨à¤¾ à¤¸à¤®à¤¾à¤¨ à¤ªà¥à¤°à¤¤à¤¿à¤·à¥à¤ à¤¾ à¤µ à¤¸à¤®à¤¾à¤¨ à¤…à¤§à¤¿à¤•à¤¾à¤° à¤†à¤¹à¥‡à¤¤. à¤¤à¥à¤¯à¤¾à¤‚à¤¨à¤¾ à¤µà¤¿à¤šà¤¾à¤°à¤¶à¤•à¥à¤¤à¥€ à¤µ à¤¸à¤¦à¤¸à¤¦à¥à¤µà¤¿à¤µà¥‡à¤•à¤¬à¥à¤¦à¥à¤§à¥€ à¤²à¤¾à¤­à¤²à¥‡à¤²à¥€ à¤†à¤¹à¥‡ à¤µ à¤¤à¥à¤¯à¤¾à¤‚à¤¨à¥€ à¤à¤•à¤®à¥‡à¤•à¤¾à¤‚à¤¶à¥€ à¤¬à¤‚à¤§à¥à¤¤à¥à¤µà¤¾à¤šà¥à¤¯à¤¾ à¤­à¤¾à¤µà¤¨à¥‡à¤¨à¥‡ à¤†à¤šà¤°à¤£ à¤•à¤°à¤¾à¤µà¥‡.
088,Indo-European â€“ Indo-Iranian,Marwari,udhr_marwari,Ø³Ú¯İªØ§ Ù…İ¨Ú©Ù‡ Ù†Û’ Ú¯ÙˆØ±Ùˆ Ø§Ù† Ø§Ø¯Ù‡Ú©Ø§Ø±ÙˆÚº Ø±Û’ Ø±Ø§Ø³Û’ Ù…Ø§ÛŒ Ø¬İªÙ… Ø³ÙˆÚº Ø³ÙˆØªÙ†ØªØ±Ø§ Ø§Ù†Û’ Ø³Ù…Ø§Ù†ØªØ§ Ù¾Ø±Ø§Ù¾Øª Ú†Ù‡Û’. Ùˆİ¨ÛŒ Ø±Û’ Ú¯ÙˆÚ‘Û’ Ø¨Ø¯Ù‡ Ø§Ù† Ø§Ù†ØªØ±Ø§ØªÙ…Ø§ Ø±ÛŒ Ù¾Ø±Ø§Ù¾ØªÛŒ Ú†Ù‡Û’ Ø§Ù† Ùˆİ¨ÛŒ Ù†Û’ Ø¨Ù‡ÛŒØ¦ÛŒÙ¾Ø§İªØ§ Ø¨Ù‡Ø§ÙˆÙ†Ø§ Ø³Ùˆ Ø§Û’Ú©Ø¨ÛŒØ¬Û’ Ø±Û’ Ø³Ø§Ø±Ùˆ ÙˆØ±ØªÙ† Ú©Ø±İ¨Ùˆ Ø¬ÙˆÛŒÛŒØ¬Û’ Ú†Ù‡Û’.
089,Indo-European â€“ Indo-Iranian,Nepali,udhr_ne,à¤¸à¤¬à¥ˆ à¤µà¥à¤¯à¤•à¥à¤¤à¤¿à¤¹à¤°à¥‚ à¤œà¤¨à¥à¤®à¤œà¤¾à¤¤ à¤¸à¥à¤µà¤¤à¤¨à¥à¤¤à¥à¤° à¤¹à¥à¤¨à¥ à¤¤à¥€ à¤¸à¤¬à¥ˆà¤•à¥‹ à¤¸à¤®à¤¾à¤¨ à¤…à¤§à¤¿à¤•à¤¾à¤° à¤° à¤®à¤¹à¤¤à¥à¤µ à¤›à¥¤ à¤¨à¤¿à¤œà¤¹à¤°à¥‚à¤®à¤¾ à¤µà¤¿à¤šà¤¾à¤° à¤¶à¤•à¥à¤¤à¤¿ à¤° à¤¸à¤¦à¥à¤µà¤¿à¤šà¤¾à¤° à¤­à¤à¤•à¥‹à¤²à¥‡ à¤¨à¤¿à¤œà¤¹à¤°à¥‚à¤²à¥‡ à¤†à¤ªà¤¸à¥à¤¤à¤®à¤¾ à¤­à¥à¤°à¤¾à¤¤à¥ƒà¤¤à¥à¤µà¤•à¥‹ à¤­à¤¾à¤µà¤¨à¤¾à¤¬à¤¾à¤Ÿ à¤µà¥à¤¯à¤µà¤¹à¤¾à¤° à¤—à¤°à¥à¤¨à¥ à¤ªà¤°à¥à¤›à¥¤
090,Indo-European â€“ Indo-Iranian,Odia,udhr_oriya,à¬¸à¬¬à­ à¬®à¬¨à­à¬·à­à­Ÿ à¬œà¬¨à­à¬®à¬•à¬¾à¬³à¬°à­ à¬¸à­à­±à¬¾à¬§à­€à¬¨. à¬¸à­‡à¬®à¬¾à¬¨à¬™à­à¬•à¬° à¬®à¬°à­à¬¯à­à­Ÿà¬¾à¬¦à¬¾ à¬“ à¬…à¬§à¬¿à¬•à¬¾à¬° à¬¸à¬®à¬¾à¬¨. à¬¸à­‡à¬®à¬¾à¬¨à¬™à­à¬•à¬ à¬¾à¬°à­‡ à¬ªà­à¬°à¬œà­à¬à¬¾ à¬“ à¬¬à¬¿à¬¬à­‡à¬• à¬¨à¬¿à¬¹à¬¿à¬¤ à¬…à¬›à¬¿. à¬¸à­‡à¬®à¬¾à¬¨à­‡ à¬ªà¬°à¬¸à­à¬ªà¬° à¬ªà­à¬°à¬¤à¬¿ à¬­à¬¾à¬¤à­ƒà¬­à¬¾à¬¬ à¬ªà­‹à¬·à¬£ à¬•à¬°à¬¿ à¬•à¬¾à¬°à­à¬¯à­à­Ÿ à¬•à¬°à¬¿à¬¬à¬¾ à¬¦à¬°à¬•à¬¾à¬°.
091,Indo-European â€“ Indo-Iranian,Ossetian,udhr_ossetian,"ĞĞ´Ó•Ğ¹Ğ¼Ó•Ğ³Ñ‚Ó• ÑĞµ 'Ğ¿Ğ¿Ó•Ñ‚ Ğ´Ó•Ñ€ Ñ€Ğ°Ğ¹Ğ³ÑƒÑ‹Ñ€Ñ‹Ğ½Ñ† ÑÓ•Ñ€Ğ¸Ğ±Ğ°Ñ€Ó•Ğ¹ Ó•Ğ¼Ó• Ó•Ğ¼Ñ…ÑƒÑ‹Ğ·Ğ¾Ğ½Ó•Ğ¹ ÑÓ• Ğ±Ğ°Ñ€Ñ‚Ñ‹. Ğ£Ñ‹Ğ´Ğ¾Ğ½ Ó•Ñ…Ñ…Ó•ÑÑ‚ ÑÑ‚Ñ‹ Ğ·Ğ¾Ğ½Ğ´ Ó•Ğ¼Ó• Ğ½Ğ°Ğ¼Ñ‹ÑÓ•Ğ¹, Ó•Ğ¼Ó• ĞºÓ•Ñ€Ó•Ğ´Ğ·Ğ¸Ğ¹Ó•Ğ½ Ñ…ÑŠÑƒĞ°Ğ¼Ó• ÑƒĞ¾Ğ¹ Ó•Ñ„ÑÑ‹Ğ¼Ó•Ñ€Ñ‚Ñ‹ Ñ…ÑƒÑ‹Ğ·Ó•Ğ½."
092,Indo-European â€“ Indo-Iranian,Persian,udhr_fa1,"ØªÙ…Ø§Ù… Ø§ÙØ±Ø§Ø¯ Ø¨Ø´Ø± Ø¢Ø²Ø§Ø¯ Ø¨Ù‡ Ø¯Ù†ÛŒØ§ Ù…ÛŒ Ø¢ÛŒÙ†Ø¯ Ùˆ Ø§Ø² Ù„Ø­Ø§Ø¸ Ø­ÛŒØ«ÛŒØª Ùˆ Ø­Ù‚ÙˆÙ‚ Ø¨Ø§ Ù‡Ù… Ø¨Ø±Ø§Ø¨Ø±Ù†Ø¯, Ù‡Ù…Ù‡ Ø¯Ø§Ø±Ø§ÛŒ Ø¹Ù‚Ù„ Ùˆ ÙˆØ¬Ø¯Ø§Ù† Ù…ÛŒ Ø¨Ø§Ø´Ù†Ø¯ Ùˆ Ø¨Ø§ÛŒØ¯ Ù†Ø³Ø¨Øª Ø¨Ù‡ ÛŒÚ© Ø¯ÛŒÚ¯Ø± Ø¨Ø§ Ø±ÙˆØ­ Ø¨Ø±Ø§Ø¯Ø±ÛŒ Ø±ÙØªØ§Ø± Ú©Ù†Ù†Ø¯."
093,Indo-European â€“ Indo-Iranian,Punjabi â€“ Eastern,udhr_pa,"à¨¸à¨¾à¨°à¨¾ à¨®à¨¨à©à©±à¨–à©€ à¨ªà¨°à¨¿à¨µà¨¾à¨° à¨†à¨ªà¨£à©€ à¨®à¨¹à¨¿à¨®à¨¾, à¨¶à¨¾à¨¨ à¨…à¨¤à©‡ à¨¹à©±à¨•à¨¾à¨‚ à¨¦à©‡ à¨ªà©±à¨–à©‹à¨‚ à¨œà¨¨à¨® à¨¤à©‹à¨‚ à¨¹à©€ à¨†à©›à¨¾à¨¦ à¨¹à©ˆ à¨…à¨¤à©‡ à¨¸à©à¨¤à©‡ à¨¸à¨¿à©±à¨§ à¨¸à¨¾à¨°à©‡ à¨²à©‹à¨• à¨¬à¨°à¨¾à¨¬à¨° à¨¹à¨¨ à¥¤ à¨‰à¨¨à©à¨¹à¨¾à¨‚ à¨¸à¨­à¨¨à¨¾ à¨¨à©‚à©° à¨¤à¨°à¨• à¨…à¨¤à©‡ à©›à¨®à©€à¨° à¨¦à©€ à¨¸à©Œà¨—à¨¾à¨¤ à¨®à¨¿à¨²à©€ à¨¹à©‹à¨ˆ à¨¹à©ˆ à¨…à¨¤à©‡ à¨‰à¨¨à©à¨¹à¨¾à¨‚ à¨¨à©‚à©° à¨­à¨°à¨¾à¨¤à¨°à©€à¨­à¨¾à¨µ à¨¦à©€ à¨­à¨¾à¨µà¨¨à¨¾ à¨°à¨–à¨¦à¨¿à¨†à¨‚ à¨†à¨ªà¨¸ à¨µà¨¿à¨š à¨µà¨¿à¨šà¨°à¨£à¨¾ à¨šà¨¾à¨¹à©€à¨¦à¨¾ à¨¹à©ˆ à¥¤"
094,Indo-European â€“ Indo-Iranian,Sanskrit,udhr_sanskrit,"à¤¸à¤°à¥à¤µà¥‡ à¤®à¤¾à¤¨à¤µà¤¾à¤ƒ à¤¸à¥à¤µà¤¤à¤¨à¥à¤¤à¥à¤°à¤¾à¤ƒ à¤¸à¤®à¥à¤¤à¥à¤ªà¤¨à¥à¤¨à¤¾à¤ƒ à¤µà¤°à¥à¤¤à¤¨à¥à¤¤à¥‡ à¤…à¤ªà¤¿ à¤š, à¤—à¥Œà¤°à¤µà¤¦à¥ƒà¤¶à¤¾ à¤…à¤§à¤¿à¤•à¤¾à¤°à¤¦à¥ƒà¤¶à¤¾ à¤š à¤¸à¤®à¤¾à¤¨à¤¾à¤ƒ à¤à¤µ à¤µà¤°à¥à¤¤à¤¨à¥à¤¤à¥‡à¥¤ à¤à¤¤à¥‡ à¤¸à¤°à¥à¤µà¥‡ à¤šà¥‡à¤¤à¤¨à¤¾-à¤¤à¤°à¥à¤•-à¤¶à¤•à¥à¤¤à¤¿à¤­à¥à¤¯à¤¾à¤‚ à¤¸à¥à¤¸à¤®à¥à¤ªà¤¨à¥à¤¨à¤¾à¤ƒ à¤¸à¤¨à¥à¤¤à¤¿à¥¤ à¤…à¤ªà¤¿ à¤š, à¤¸à¤°à¥à¤µà¥‡à¤½à¤ªà¤¿ à¤¬à¤¨à¥à¤§à¥à¤¤à¥à¤µ-à¤­à¤¾à¤µà¤¨à¤¯à¤¾ à¤ªà¤°à¤¸à¥à¤ªà¤°à¤‚ à¤µà¥à¤¯à¤µà¤¹à¤°à¤¨à¥à¤¤à¥à¥¤"
095,Indo-European â€“ Indo-Iranian,Sinhala,udhr_sinhala,à·ƒà·’à¶ºà¶½à·– à¶¸à¶±à·”à·‚à·Šâ€à¶ºà¶ºà· à¶±à·’à¶¯à·„à·ƒà·Šà·€ à¶‹à¶´à¶­ à¶½à¶¶à· à¶‡à¶­. à¶œà¶»à·”à¶­à·Šà·€à¶ºà·™à¶±à·Š à·„à· à¶…à¶ºà·’à¶­à·’à·€à·à·ƒà·’à¶šà¶¸à·Š à·ƒà¶¸à·à¶± à·€à·™à¶­à·’. à¶ºà·”à¶šà·Šà¶­à·’ à¶…à¶ºà·”à¶šà·Šà¶­à·’ à¶´à·’à·…à·’à¶¶à¶³ à·„à·à¶Ÿà·“à¶¸à·™à¶±à·Š à·„à· à·„à·˜à¶¯à¶º à·ƒà·à¶šà·Šà·‚à·’à¶ºà·™à¶±à·Š à¶ºà·”à¶­à·Š à¶”à·€à·”à¶±à·œà·€à·”à¶±à·Šà·€à·”à¶±à·Šà¶§ à·ƒà·à·…à¶šà·’à¶º à¶ºà·”à¶­à·Šà¶­à·š à·ƒà·„à·à¶¯à¶»à¶­à·Šà·€à¶º à¶´à·’à·…à·’à¶¶à¶³ à·„à·à¶Ÿà·“à¶¸à·™à¶±à·’.
096,Indo-European â€“ Indo-Iranian,Urdu,udhr_urdu2,ØªÙ…Ø§Ù… Ø§Ù†Ø³Ø§Ù† Ø¢Ø²Ø§Ø¯ Ø§ÙˆØ± Ø­Ù‚ÙˆÙ‚ Ùˆ Ø¹Ø²Øª Ú©Û’ Ø§Ø¹ØªØ¨Ø§Ø± Ø³Û’ Ø¨Ø±Ø§Ø¨Ø± Ù¾ÛŒØ¯Ø§ ÛÙˆÛ“ ÛÛŒÚºÛ” Ø§Ù†ÛÛŒÚº Ø¶Ù…ÛŒØ± Ø§ÙˆØ± Ø¹Ù‚Ù„ ÙˆØ¯ÛŒØ¹Øª ÛÙˆØ¦ÛŒ ÛÛ’Û” Ø§Ø³Ù„ÛŒÛ“ Ø§Ù†ÛÛŒÚº Ø§ÛŒÚ© Ø¯ÙˆØ³Ø±Û’ Ú©Û’ Ø³Ø§ØªÚ¾ Ø¨Ú¾Ø§Ø¦ÛŒ Ú†Ø§Ø±Û’ Ú©Ø§ Ø³Ù„ÙˆÚ© Ú©Ø±Ù†Ø§ Ú†Ø§ÛÛŒÛ“Û”
097,Indo-European â€“ Italic,Classical Latin,udhr_latin_classical2,"Omnes homines dignitate et iure liberi et pares nascuntur, rationis et conscientiae participes sunt, quibus inter se concordiae studio est agendum."
098,Indo-European â€“ Romance,Aragonese,udhr_aragonese,"Toz os ombres naxen libres y iguals en dinidat y en dreitos. Adotatos de razÃ³n y de conzenzia, deben apachar-sen unos con atros d'una manera freternal."
099,Indo-European â€“ Romance,Aromanian,udhr_aromanian,Tuti iatsÃ¢li umineshtsÃ¢ s-fac liberi shi egali la nÃ¢muzea shi-ndrepturli. Eali suntu hÃ¢rziti cu fichiri shi sinidisi shi lipseashti un cu alantu sh-si poartÃ¢ tu duhlu-a frÃ¢tsÃ¢ljiljei.
100,Indo-European â€“ Romance,Asturian,udhr_asturian,"Tolos seres humanos nacen llibres y iguales en dignidÃ¡ y drechos y, pola mor de la razÃ³n y la conciencia de so, han comportase hermaniblemente los unos colos otros."
101,Indo-European â€“ Romance,Brazilian Portuguese,udhr_pt-br,Todos os seres humanos nascem livres e iguais em dignidade e direitos. SÃ£o dotados de razÃ£o e consciÃªncia e devem agir em relaÃ§Ã£o uns aos outros com espÃ­rito de fraternidade.
102,Indo-European â€“ Romance,Catalan,udhr_catalan,"Tots els Ã©ssers humans neixen lliures i iguals en dignitat i en drets. SÃ³n dotats de raÃ³ i de consciÃ¨ncia, i han de comportar-se fraternalment els uns amb els altres."
103,Indo-European â€“ Romance,French â€“ Canada,udhr_fr-ca,Tous les Ãªtres humains naissent libres et Ã©gaux en dignitÃ© et en droits. Ils sont douÃ©s de raison et de conscience et doivent agir les uns envers les autres dans un esprit de fraternitÃ©.
104,Indo-European â€“ Romance,French â€“ France,udhr_fr,Tous les Ãªtres humains naissent libres et Ã©gaux en dignitÃ© et en droits. Ils sont douÃ©s de raison et de conscience et doivent agir les uns envers les autres dans un esprit de fraternitÃ©.
105,Indo-European â€“ Romance,Galician,udhr_gl,"TÃ³dolos seres humanos nacen libres e iguais en dignidade e dereitos e, dotados como estÃ¡n de razÃ³n e conciencia, dÃ­bense comportar fraternalmente uns cos outros."
106,Indo-European â€“ Romance,Italian,udhr_it,Tutti gli esseri umani nascono liberi ed eguali in dignitÃ  e diritti. Essi sono dotati di ragione e di coscienza e devono agire gli uni verso gli altri in spirito di fratellanza.
107,Indo-European â€“ Romance,Lombard,udhr_lombard,"TÃ¶cc i vÃ©ser umÃ  i nas lÃ­ber e precÃ­s en dignitÃ  e diricc. I Ã¨ dotacc de rizÃº e de coscenssa e i ga de comportÃ -s, de giÃ¼ con l'Ã³ter, en spÃ­rit de fradelanssa."
108,Indo-European â€“ Romance,Lorrain,udhr_lorrain,Totes li hÃ mmes v'nÃ t au monde libes et Ã©gaux de la dignitÃ¨ et da lo drÃ¢. Ils so dotÃ¨s de rahho et d'conscience et so t'nus d'se compoutÃ¨ li ines enwouÃ©s lis autes da in esprit d'fraternitÃ¨.
109,Indo-European â€“ Romance,Occitan,udhr_occitan,Totas las personas nÃ isson liuras e pariÃ¨ras en dignitat e en dreches. Son cargadas de rason e de consciÃ©ncia e mai lor se cal comportar entre elas amb un eime de frairetat.
110,Indo-European â€“ Romance,Piedmontese,udhr_piedmontese,TÃ¹it j'esse uman a nasso lÃ¬ber e uguaj an dignitÃ  e an drit. A son dotÃ  â€˜d sust e â€˜d consiensa e a dÃ«vo agÃ¬ jâ€™un con jâ€™Ã utri ant nâ€™Ã«spÃ¬rit Ã«d fradlansa.
111,Indo-European â€“ Romance,Portuguese,udhr_pt,"Todos os seres humanos nascem livres e iguais em dignidade e em direitos. Dotados de razÃ£o e de consciÃªncia, devem agir uns para com os outros em espÃ­rito de fraternidade."
112,Indo-European â€“ Romance,Romanian,udhr_ro,Toate fiinÈ›ele umane se nasc libere È™i egale Ã®n demnitate È™i Ã®n drepturi. Ele sunt Ã®nzestrate cu raÈ›iune È™i conÈ™tiinÈ›Äƒ È™i trebuie sÄƒ se comporte unele faÈ›Äƒ de altele Ã®n spiritul fraternitÄƒÈ›ii.
113,Indo-European â€“ Romance,Sicilian,udhr_sicilian,Tutti l'omini nascinu libbiri cu a stissa dignitÃ  i diritti. Iddi hannu a raggiuni i cuscienza i hannu a travagghiari 'nzemmula cu spiritu di fratirnitÃ .
114,Indo-European â€“ Romance,Spanish â€“ AndalucÃ­a,udhr_es2,"Todos los seres humanos nacen libres e iguales en dignidad y derechos y, dotados como estÃ¡n de razÃ³n y conciencia, deben comportarse fraternalmente los unos con los otros."
115,Indo-European â€“ Romance,Spanish â€“ Mexico,udhr_es-mx,"Todos los seres humanos nacen libres e iguales en dignidad y derechos y, dotados como estÃ¡n de razÃ³n y conciencia, deben comportarse fraternalmente los unos con los otros."
116,Indo-European â€“ Romance,Spanish â€“ Peru,udhr_es-peru,"Todos los seres humanos nacen libres e iguales en dignidad y derechos y, dotados como estÃ¡n de razÃ³n y conciencia, deben comportarse fraternalmente los unos con los otros."
117,Indo-European â€“ Romance,Spanish â€“ Valencia,udhr_es,"Todos los seres humanos nacen libres e iguales en dignidad y derechos y, dotados como estÃ¡n de razÃ³n y conciencia, deben comportarse fraternalmente los unos con los otros."
118,Indo-European â€“ Romance,Valencian,udhr_valencian,"Tots els Ã©ssers humans naixen lliures i iguals en dignitat i en drets i, dotats com estan de raÃ³ i de consciÃ¨ncia, sâ€™han de comportar fraternalment els uns amb els altres."
119,Indo-European â€“ Romance,Walloon,udhr_walloon,"Tos lÃ¨s-omes vinÃ¨t-st-Ã¥ monde lÃ®bes, Ã¨t so-l'minme pÃ®d po Ã§ou qu'Ã¨nn'Ã¨st d'leu dignitÃ© Ã¨t d'leus dreÃ»ts. I n'sont nin foÃ» rÃªzon Ã¨t-z-ont-i leÃ» consyince po zÃ¨ls, Ã§ou qu'Ã¨lzÃ¨s deÃ»t miner a s'kidÃ»re onk' po l'Ã´te tot come dÃ¨s frÃ©s."
120,Indo-European â€“ Slavic,Belarusian,udhr_be,Usie ludzi naradÅ¾ajucca svabodnymi i roÅ­nymi Å­ svajoj hodnaÅ›ci i pravach. Jany nadzieleny rozumam i sumleÅ„niem i pavinny stavicca adzin da adnaho Å­ duchu bractva.
121,Indo-European â€“ Slavic,Bulgarian,udhr_bg,Ğ’ÑĞ¸Ñ‡ĞºĞ¸ Ñ…Ğ¾Ñ€Ğ° ÑĞµ Ñ€Ğ°Ğ¶Ğ´Ğ°Ñ‚ ÑĞ²Ğ¾Ğ±Ğ¾Ğ´Ğ½Ğ¸ Ğ¸ Ñ€Ğ°Ğ²Ğ½Ğ¸ Ğ¿Ğ¾ Ğ´Ğ¾ÑÑ‚Ğ¾Ğ¹Ğ½ÑÑ‚Ğ²Ğ¾ Ğ¸ Ğ¿Ñ€Ğ°Ğ²Ğ°. TĞµ ÑĞ° Ğ½Ğ°Ğ´Ğ°Ñ€ĞµĞ½Ğ¸ Ñ Ñ€Ğ°Ğ·ÑƒĞ¼ Ğ¸ ÑÑŠĞ²ĞµÑÑ‚ Ğ¸ ÑĞ»ĞµĞ´Ğ²Ğ° Ğ´Ğ° ÑĞµ Ğ¾Ñ‚Ğ½Ğ°ÑÑÑ‚ Ğ¿Ğ¾Ğ¼ĞµĞ¶Ğ´Ñƒ ÑĞ¸ Ğ² Ğ´ÑƒÑ… Ğ½Ğ° Ğ±Ñ€Ğ°Ñ‚ÑÑ‚Ğ²Ğ¾.
122,Indo-European â€“ Slavic,Croatian,udhr_hr,Sva ljudska biÄ‡a raÄ‘aju se slobodna i jednaka u dostojanstvu i pravima. Ona su obdarena razumom i svijeÅ¡Ä‡u i trebaju jedna prema drugima postupati u duhu bratstva.
123,Indo-European â€“ Slavic,Czech,udhr_cz,VÅ¡ichni lidÃ© se rodÃ­ svobodnÃ­ a sobÄ› rovnÃ­ co do dÅ¯stojnosti a prÃ¡v. Jsou nadÃ¡ni rozumem a svÄ›domÃ­m a majÃ­ spolu jednat v duchu bratrstvÃ­.
124,Indo-European â€“ Slavic,Macedonian,udhr_macedonian,Ğ¡Ğ¸Ñ‚e Ñ‡oĞ²eÑ‡ĞºĞ¸ ÑÑƒÑˆÑ‚eÑÑ‚Ğ²a Ñe Ñ€aÑ“aaÑ‚ ÑĞ»oĞ±oĞ´Ğ½Ğ¸ Ğ¸ eĞ´Ğ½aĞºĞ²Ğ¸ Ğ¿o Ğ´oÑÑ‚oĞ¸Ğ½ÑÑ‚Ğ²o Ğ¸ Ğ¿Ñ€aĞ²a. TĞ¸e Ñe oĞ±Ğ´aÑ€eĞ½Ğ¸ Ño Ñ€aĞ·ÑƒĞ¼ Ğ¸ ÑoĞ²eÑÑ‚ Ğ¸ Ñ‚Ñ€eĞ±a Ğ´a Ñe oĞ´Ğ½eÑÑƒĞ²aaÑ‚ eĞ´eĞ½ ĞºoĞ½ Ğ´Ñ€ÑƒĞ³ Ğ²o Ğ´ÑƒxoÑ‚ Ğ½a oĞ¿ÑˆÑ‚o Ñ‡oĞ²eÑ‡ĞºaÑ‚a Ğ¿Ñ€Ğ¸Ğ¿aĞ´Ğ½oÑÑ‚.
125,Indo-European â€“ Slavic,Polish,udhr_pl,Wszyscy ludzie rodzÄ… siÄ™ wolni i rÃ³wni w swojej godnoÅ›ci i prawach. SÄ… obdarzeni rozumem i sumieniem i powinni postÄ™powaÄ‡ wobec siebie w duchu braterstwa.
126,Indo-European â€“ Slavic,Russian,udhr2_ru,Ğ’ÑĞµ Ğ»ÑĞ´Ğ¸ Ñ€Ğ¾Ğ¶Ğ´Ğ°ÑÑ‚ÑÑ ÑĞ²Ğ¾Ğ±Ğ¾Ğ´Ğ½Ñ‹Ğ¼Ğ¸ Ğ¸ Ñ€Ğ°Ğ²Ğ½Ñ‹Ğ¼Ğ¸ Ğ² ÑĞ²Ğ¾ĞµĞ¼ Ğ´Ğ¾ÑÑ‚Ğ¾Ğ¸Ğ½ÑÑ‚Ğ²Ğµ Ğ¸ Ğ¿Ñ€Ğ°Ğ²Ğ°Ñ…. ĞĞ½Ğ¸ Ğ½Ğ°Ğ´ĞµĞ»ĞµĞ½Ñ‹ Ñ€Ğ°Ğ·ÑƒĞ¼Ğ¾Ğ¼ Ğ¸ ÑĞ¾Ğ²ĞµÑÑ‚ÑŒÑ Ğ¸ Ğ´Ğ¾Ğ»Ğ¶Ğ½Ñ‹ Ğ¿Ğ¾ÑÑ‚ÑƒĞ¿Ğ°Ñ‚ÑŒ Ğ² Ğ¾Ñ‚Ğ½Ğ¾ÑˆĞµĞ½Ğ¸Ğ¸ Ğ´Ñ€ÑƒĞ³ Ğ´Ñ€ÑƒĞ³Ğ° Ğ² Ğ´ÑƒÑ…Ğµ Ğ±Ñ€Ğ°Ñ‚ÑÑ‚Ğ²Ğ°.
127,Indo-European â€“ Slavic,Serbian,udhr_sr,Ğ¡Ğ²Ğ° Ñ™ÑƒĞ´ÑĞºĞ° Ğ±Ğ¸Ñ›Ğ° Ñ€Ğ°Ñ’Ğ°Ñ˜Ñƒ ÑĞµ ÑĞ»Ğ¾Ğ±Ğ¾Ğ´Ğ½Ğ° Ğ¸ Ñ˜ĞµĞ´Ğ½Ğ°ĞºĞ° Ñƒ Ğ´Ğ¾ÑÑ‚Ğ¾Ñ˜Ğ°Ğ½ÑÑ‚Ğ²Ñƒ Ğ¸ Ğ¿Ñ€Ğ°Ğ²Ğ¸Ğ¼Ğ°. ĞĞ½Ğ° ÑÑƒ Ğ¾Ğ±Ğ´Ğ°Ñ€ĞµĞ½Ğ° Ñ€Ğ°Ğ·ÑƒĞ¼Ğ¾Ğ¼ Ğ¸ ÑĞ²ĞµÑˆÑ›Ñƒ Ğ¸ Ñ‚Ñ€ĞµĞ±Ğ° Ñ˜ĞµĞ´Ğ½Ğ¸ Ğ¿Ñ€ĞµĞ¼Ğ° Ğ´Ñ€ÑƒĞ³Ğ¸Ğ¼Ğ° Ğ´Ğ° Ğ¿Ğ¾ÑÑ‚ÑƒĞ¿Ğ°Ñ˜Ñƒ Ñƒ Ğ´ÑƒÑ…Ñƒ Ğ±Ñ€Ğ°Ñ‚ÑÑ‚Ğ²Ğ°. | Sva ljudska biÄ‡a raÄ‘aju se slobodna i jednaka u dostojanstvu i pravima. Ona su obdarena razumom i sveÅ¡Ä‡u i treba jedni prema drugima da postupaju u duhu bratstva.
128,Indo-European â€“ Slavic,Slovak,udhr_sk,"VÅ¡etci Ä¾udia sa rodia slobodnÃ­ a sebe rovnÃ­, Äo sa tÃ½ka ich dostÃ´jnosti a prÃ¡v. SÃº obdarenÃ­ rozumom a majÃº navzÃ¡jom jednaÅ¥ v bratskom duchu."
129,Indo-European â€“ Slavic,Slovenian,udhr_slovenian,Vsi ljudje se rodijo svobodni in imajo enako dostojanstvo in enake pravice. Obdarjeni so z razumom in vestjo in bi morali ravnati drug z drugim kakor bratje.
130,Indo-European â€“ Slavic,Ukrainian,udhr_uk,Ğ’ÑÑ– Ğ»ÑĞ´Ğ¸ Ğ½Ğ°Ñ€Ğ¾Ğ´Ğ¶ÑƒÑÑ‚ÑŒÑÑ Ğ²Ñ–Ğ»ÑŒĞ½Ğ¸Ğ¼Ğ¸ Ñ– Ñ€Ñ–Ğ²Ğ½Ğ¸Ğ¼Ğ¸ Ñƒ ÑĞ²Ğ¾Ñ—Ğ¹ Ğ³Ñ–Ğ´Ğ½Ğ¾ÑÑ‚Ñ– Ñ‚Ğ° Ğ¿Ñ€Ğ°Ğ²Ğ°Ñ…. Ğ’Ğ¾Ğ½Ğ¸ Ğ½Ğ°Ğ´Ñ–Ğ»ĞµĞ½Ñ– Ñ€Ğ¾Ğ·ÑƒĞ¼Ğ¾Ğ¼ Ñ– ÑĞ¾Ğ²Ñ–ÑÑ‚Ñ Ñ– Ğ¿Ğ¾Ğ²Ğ¸Ğ½Ğ½Ñ– Ğ´Ñ–ÑÑ‚Ğ¸ Ñƒ Ğ²Ñ–Ğ´Ğ½Ğ¾ÑˆĞµĞ½Ğ½Ñ– Ğ¾Ğ´Ğ¸Ğ½ Ğ´Ğ¾ Ğ¾Ğ´Ğ½Ğ¾Ğ³Ğ¾ Ğ² Ğ´ÑƒÑÑ– Ğ±Ñ€Ğ°Ñ‚ĞµÑ€ÑÑ‚Ğ²Ğ°.
131,Isolates,Basque,udhr_eu,"Gizon-emakume guztiak aske jaiotzen dira, duintasun eta eskubide berberak dituztela; eta ezaguera eta kontzientzia dutenez gero, elkarren artean senide legez jokatu beharra dute."
132,Japonic,Japanese,udhr_jp,ã™ã¹ã¦ã®äººé–“ã¯ã€ç”Ÿã¾ã‚ŒãªãŒã‚‰ã«ã—ã¦è‡ªç”±ã§ã‚ã‚Šã€ã‹ã¤ã€å°Šå³ã¨æ¨©åˆ©ã¨ã«ã¤ã„ã¦å¹³ç­‰ã§ã‚ã‚‹ã€‚äººé–“ã¯ã€ç†æ€§ã¨è‰¯å¿ƒã‚’æˆã‘ã‚‰ã‚Œã¦ã‚ã‚Šã€äº’ã„ã«åŒèƒã®ç²¾ç¥ã‚’ã‚‚ã£ã¦è¡Œå‹•ã—ãªã‘ã‚Œã°ãªã‚‰ãªã„ã€‚
133,Koreanic,Korean,udhr_kr,ëª¨ë“  ì¸ê°„ì€ íƒœì–´ë‚  ë•Œë¶€í„° ììœ ë¡œìš°ë©° ê·¸ ì¡´ì—„ê³¼ ê¶Œë¦¬ì— ìˆì–´ ë™ë“±í•˜ë‹¤. ì¸ê°„ì€ ì²œë¶€ì ìœ¼ë¡œ ì´ì„±ê³¼ ì–‘ì‹¬ì„ ë¶€ì—¬ë°›ì•˜ìœ¼ë©° ì„œë¡œ í˜•ì œì• ì˜ ì •ì‹ ìœ¼ë¡œ í–‰ë™í•˜ì—¬ì•¼ í•œë‹¤.
134,Mongolic,Mongolian,udhr1_mo,á ¬á ¦á ®á ¦á ¨ á ªá ¦á · á ²á ¥á ·á ¥á µá ¦ á ®á ¡á ¨á ³á ¡á ¯á ¡á ¬á ¦ á ¡á ·á ¬á ¡ á ´á ¢á ¯á ¥á ­á ¡â€¯á ²á ¡á ¢á ‚ á  á ³á  á ¯á ¢á ¬á  á ¨ á ¨á ¡á ·á á ¡ á ²á ¥á ·á ¥â€¯á ²á ¡á ¢á ‚ á ¢á µá ¢á ¯ á ¡á ·á ¬á ¡â€¯á ²á ¡á ¢ á ªá  á ¢á  á ­á ƒ á £á ¶á ¤á ¨ á ¤á ¬á  á ­á  á ¨á ‚ á ¨á  á ¨á ³á ¢á ¨ á ´á ¢á ¨á  á · á µá  á ¶á  á ­á  á °á  á ¨ á ¬á ¦á ®á ¦á ¨ á ¬á ¡á ­á ´á ¢ á ¥á ­á ¡á ·á á ¡ á ¬á £á ­á £á ·á £á ¨á ³á £á á ¨ á  á ¬á  á ¨ á ³á ¡á ­á ¦á ¦â€¯á ¢á ¨ á ¦á µá ¢á ¯ á °á  á ¨á  á ­á  â€¯á ¥á  á · á ¬á  á ·á ¢á ´á  á ¬á ¥ á ¤á ´á ¢á ·â€¯á ²á  á ¢á ƒ.
135,Niger-Congo,Akuapim Twi,udhr_twi,"WÉ”É‘wo É‘desÉ‘mmÉ‘ nyinÉ‘É‘ sÉ› nnipÉ‘ É‘ wÉ”wÉ” É‘hofÉ‘di. WÉ”n nyinÉ‘É‘ wÉ” nidi ne kyÉ›fÉ‘ koro. WÉ”wÉ” É‘dwene ne É‘honim, nÉ‘ É›sÉ› sÉ› wobu wÉ”n ho wÉ”n ho sÉ› É‘nuÉ‘nom."
136,Niger-Congo,Wolof,udhr_wo,"Doomi aadama yÃ©pp daÃ±uy juddu, yam ci tawfeex ci sag ak saÃ±-saÃ±. Nekk na it ku xam dÃ«gg te Ã nd na ak xelam, te war naa jÃ«flante ak nawleem, te teg ko ci wÃ llu mbokk."
137,Pidgins and creoles,Betawi,udhr_betawi,Semue orang ntu dilahirin bebas ame punye martabat dan hak-hak yang same. Mereka ntu dikasih akal ame ati nurani dan kudu bergaul satu ame lainnye dalem semangat persaudaraan.
138,Pidgins and creoles,Chavacano,udhr_chabacano,Todo'l maga ser humano nace libre e igual en dignidad y maga derecho. Dotado con ellos el razon y conciencia y debe ellos comporta fraternalmente con el maga uno con el maga otro.
139,Pidgins and creoles,Pijin â€“ Solomons Pidgin,udhr_pijin,Evri man en mere olketa born frii en ikwol lo digniti en raits blo olketa. Olketa evriwan olketa garem maeni fo tingting en olketa sapos fo treatim isada wittim spirit blo bradahood.
140,Sino-Tibetan,Burmese,udhr_burmese,á€œá€°á€á€­á€¯á€„á€ºá€¸á€á€Šá€º á€á€°á€Šá€® á€œá€½á€á€ºá€œá€•á€ºá€á€±á€¬ á€‚á€¯á€á€ºá€á€­á€€á€¹á€á€¬á€–á€¼á€„á€·á€º á€œá€Šá€ºá€¸á€€á€±á€¬á€„á€ºá€¸áŠ á€á€°á€Šá€®á€œá€½á€á€ºá€œá€•á€ºá€á€±á€¬ á€¡á€á€½á€„á€·á€ºá€¡á€›á€±á€¸á€™á€»á€¬á€¸á€–á€¼á€„á€·á€º á€œá€Šá€ºá€¸á€€á€±á€¬á€„á€ºá€¸áŠ á€™á€½á€±á€¸á€–á€½á€¬á€¸á€œá€¬á€á€°á€™á€»á€¬á€¸ á€–á€¼á€…á€ºá€á€Šá€ºá‹ á€‘á€­á€¯á€á€°á€á€­á€¯á€·áŒ á€•á€­á€¯á€„á€ºá€¸á€á€¼á€¬á€¸ á€á€±á€–á€”á€ºá€á€á€ºá€á€±á€¬ á€‰á€¬á€á€ºá€”á€¾á€„á€·á€º á€€á€»á€„á€·á€ºá€á€á€º á€á€­á€á€á€ºá€á€±á€¬ á€…á€­á€á€ºá€á€­á€¯á€·á€›á€¾á€­á€€á€¼á á€‘á€­á€¯á€á€°á€á€­á€¯á€·á€á€Šá€º á€¡á€á€»á€„á€ºá€¸á€á€»á€„á€ºá€¸ á€™á€±á€á€¹á€á€¬á€‘á€¬á€¸á á€†á€€á€ºá€†á€¶á€€á€»á€„á€·á€ºá€á€¯á€¶á€¸á€á€„á€·á€ºáá‹
141,Sino-Tibetan,Cantonese,udhr_cantonese,äººäººç”Ÿå‡ºåšŸå°±ä¿‚è‡ªç”±å˜…ï¼Œå–ºå°Šåš´åŒæ¬Šåˆ©ä¸Šä¸€å¾‹å¹³ç­‰ã€‚ä½¢å“‹å…·æœ‰ç†æ€§åŒè‰¯å¿ƒï¼Œè€Œä¸”æ‡‰è©²ç”¨å…„å¼Ÿé–“å˜…é—œä¿‚åšŸäº’ç›¸å°å¾…ã€‚
142,Sino-Tibetan,Karbi,udhr_karbi,Monit hijan angbong kibi kethe kangtui kangdai pu ave. Arnam monit aphan kamathathek ajakong kipi. Lasi ning isivet pen dorapsi kachinghon chijinso pen donang ji.
143,Sino-Tibetan,Mandarin Chinese,udhr_mandarin,äººäººç”Ÿè€Œè‡ªç”±ï¹åœ¨å°Šåš´å’Œæ¬Šåˆ©ä¸Šä¸€å¾‹å¹³ç­‰ã€‚ä»–å€‘è³¦æœ‰ç†æ€§å’Œè‰¯å¿ƒï¹ä¸¦æ‡‰ä»¥å…„å¼Ÿé—œä¿‚çš„ç²¾ç¥äº’ç›¸å°å¾…ã€‚
144,Siouan,Lakota,udhr_lakota,WiÄhÃ¡Å¡a na wÃ­Å‹yaÅ‹ otÃ³iyohi iglÃºhapi na iyÃ©haÅ‹yaÅ‹ wÃ³waÅ¾api. TÈŸaÅ‹mÃ¡hel slol'Ã­Ä'iyapi na kiÄhÃ­wiÄhowepi s'e kiÄhÃ­Ähuwapi kta hÃ©Äha.
145,Tai-Kadai,Thai,udhr_th,à¹€à¸£à¸²à¸—à¸¸à¸à¸„à¸™à¹€à¸à¸´à¸”à¸¡à¸²à¸­à¸¢à¹ˆà¸²à¸‡à¸­à¸´à¸ªà¸£à¸° à¹€à¸£à¸²à¸—à¸¸à¸à¸„à¸™à¸¡à¸µà¸„à¸§à¸²à¸¡à¸„à¸´à¸”à¹à¸¥à¸°à¸„à¸§à¸²à¸¡à¹€à¸‚à¹‰à¸²à¹ƒà¸ˆà¹€à¸›à¹‡à¸™à¸‚à¸­à¸‡à¹€à¸£à¸²à¹€à¸­à¸‡ à¹€à¸£à¸²à¸—à¸¸à¸à¸„à¸™à¸„à¸§à¸£à¹„à¸”à¹‰à¸£à¸±à¸šà¸à¸²à¸£à¸›à¸à¸´à¸šà¸±à¸•à¸´à¹ƒà¸™à¸—à¸²à¸‡à¹€à¸”à¸µà¸¢à¸§à¸à¸±à¸™.
146,Turkic,Azerbaijani,udhr_azturk,Ø¨ÙˆØªÙˆÙ† Ø§ÙŠÙ†Ø³Ø§Ù†Ù„Ø§Ø± Ø­ÙŠØ«ÙŠÙŠØª Ùˆ Ø­Ø§Ù‚Ù„Ø§Ø± Ø¨Ø§Ø®ÙŠÙ…ÙŠÙ†Ø¯Ø§Ù† Ø¯Ù†Ùƒ Ùˆ Ø§Ø±ÙƒÙŠÙ† Ø¯ÙˆØºÙˆÙ„Ø§Ø±Ù„Ø§Ø±.Ø§ÙˆØ³ Ùˆ Ø§ÙˆÙŠØ§Øª ÙŠÙŠÙ‡ïº³ï»´ïºªÙŠØ±Ù„Ø± Ùˆ Ø¨ÙŠØ± Ø¨ÙŠØ±Ù„Ø±ÙŠÙ†Ù‡ Ù‚Ø§Ø±Ø´Ù‰ Ù‚Ø§Ø±Ø¯Ø§Ø´Ù„ÙŠÙ‚ Ø±ÙˆØ­Ùˆ Ø§ÙŠÙ„Ù‡ Ø¯Ø§ÙˆØ±Ø§Ù…Ø§Ù„ÙŠØ¯Ø±Ù„Ø§Ø±.
147,Turkic,Kyrgyz,udhr_kyrgyz,Ğ‘Ğ°Ñ€Ğ´Ñ‹Ğº Ğ°Ğ´Ğ°Ğ¼Ğ´Ğ°Ñ€ Ó©Ğ· Ğ±ĞµĞ´ĞµĞ»Ğ¸Ğ½Ğ´Ğµ Ğ¶Ğ°Ğ½Ğ° ÑƒĞºÑƒĞºÑ‚Ğ°Ñ€Ñ‹Ğ½Ğ´Ğ° ÑÑ€ĞºĞ¸Ğ½ Ğ¶Ğ°Ğ½Ğ° Ñ‚ĞµÒ£ ÑƒĞºÑƒĞºÑ‚ÑƒÑƒ Ğ±Ğ¾Ğ»ÑƒĞ¿ Ğ¶Ğ°Ñ€Ğ°Ğ»Ğ°Ñ‚. ĞĞ»Ğ°Ñ€Ğ´Ñ‹Ğ½ Ğ°Ò£ -ÑĞµĞ·Ğ¸Ğ¼Ğ¸ Ğ¼ĞµĞ½ĞµĞ½ Ğ°Ğ±Ğ¸Ğ¹Ğ¸Ñ€Ğ¸ Ğ±Ğ°Ñ€ Ğ¶Ğ°Ğ½Ğ° Ğ±Ğ¸Ñ€Ğ¸-Ğ±Ğ¸Ñ€Ğ¸Ğ½Ğµ Ğ±Ğ¸Ñ€ Ñ‚ÑƒÑƒĞ³Ğ°Ğ½Ğ´Ñ‹Ğº Ğ¼Ğ°Ğ¼Ğ¸Ğ»Ğµ ĞºÑ‹Ğ»ÑƒÑƒĞ³Ğ° Ñ‚Ğ¸Ğ¹Ğ¸Ñˆ.
148,Turkic,Turkish,udhr_tr,"BÃ¼tÃ¼n insanlar hÃ¼r, haysiyet ve haklar bakÄ±mÄ±ndan eÅŸit doÄŸarlar. AkÄ±l ve vicdana sahiptirler ve birbirlerine karÅŸÄ± kardeÅŸlik zihniyeti ile hareket etmelidirler. | Ø¨ØªÙˆÙ† Ø§Ù†Ø³Ø§Ù†Ù„Ø± Ø­Ø±ØŒ Ø­ÙŠØ´ÙŠØª Ùˆ Ø­Ù‚Ù„Ø± Ø¨Ø§Ù‚Ù…Ú­Ø¯Ù† Ø§Ø´Øª Ø·ÙˆØºØ±Ù„Ø±. Ø¹Ù‚Ù„ Ùˆ ÙˆØ¬Ø¯Ø§Ù†Ù‡ ØµØ­Ø¨ØªØ±Ù„Ø± Ùˆ Ø¨Ø±Ø¨Ø±Ù„Ø±ÙŠÙ†Ù‡ Ù‚Ø§Ø±Ø´Ùˆ Ù‚Ø±Ø¯Ø§Ø´Ù„Ù‚ Ø°Ù‡Ù†ÙŠØª Ø§ÙŠÙ„Ù‡ Ø­Ø±ÙƒØª Ø§ØªÙ…Ù‡Ù„ÙˆØ¯Ø±Ù„Ø±."
149,Turkic,Turkmen,udhr_turkmen,Ğ¥ĞµĞ¼Ğ¼Ğµ Ğ°Ğ´Ğ°Ğ¼Ğ»Ğ°Ñ€ Ó©Ğ· Ğ¼ĞµÑ€Ñ‚ĞµĞ±ĞµÑĞ¸ Ğ²Ğµ Ñ…ÑƒĞºÑƒĞºĞ»Ğ°Ñ€Ñ‹ Ğ±ÑĞ½Ñ‡Ğ° Ğ´ĞµÒ£ ÑĞ³Ğ´Ğ°Ğ¹Ğ´Ğ° Ğ´Ò¯Ğ½Ğ¹Ó™ Ğ¸Ğ½Ğ¹Ó™Ñ€Ğ»ĞµÑ€.ĞĞ»Ğ°Ñ€Ğ° Ğ°Ò£ Ñ…ĞµĞ¼ Ğ²Ñ‹Ğ¶Ğ´Ğ°Ğ½ Ğ±ĞµÑ€Ğ»ĞµĞ½Ğ´Ğ¸Ñ€ Ğ²Ğµ Ğ¾Ğ»Ğ°Ñ€ Ğ±Ğ¸Ñ€-Ğ±Ğ¸Ñ€Ğ»ĞµÑ€Ğ¸ Ğ±Ğ¸Ğ»ĞµĞ½ Ğ´Ğ¾Ğ³Ğ°Ğ½Ğ»Ñ‹Ğº Ñ€ÑƒÑ…ÑƒĞ½Ğ´Ğ°ĞºÑ‹ Ğ³Ğ°Ñ€Ğ°Ğ¹Ñ‹ÑˆĞ´Ğ° Ğ±Ğ¾Ğ»Ğ¼Ğ°Ğ»Ñ‹Ğ´Ñ‹Ñ€Ğ»Ğ°Ñ€.
150,Turkic,Uyghur,udhr_uyghur,ï®¬ï»ªï»£ï»¤ï»ª Ø¦Ø§Ø¯Û•Ù… Ø²Ø§ï»§ï¯©ïºªï¯¨ï»¨ï»¼ ïº‹ï»ªïº­ï»›ï¯©ï»¦ØŒ ïº‹ï¯©ïº°ïº¯ï»©ïº•-Ú¾Û†Ø±ï»£ï»ªØª Û‹Û• Ú¾ÙˆÙ‚Û‡Ù‚ØªØ§ Ø¨Ø§Ù¾Ø¨Ø§Ø±Ø§Û‹Û•Ø± Ø¨ÙˆÙ„Û‡Ù¾ ØªÛ‡ØºÛ‡Ù„ØºØ§Ù†. Ø¦Û‡Ù„Ø§Ø± ïº‹ï»ªï»—ï¯©ï» ï®•ï»ª Û‹Û• Û‹ï¯¨ïº ïºªïºï»§ï»ïº ïº‹ï¯©ï®•ï»ª ï®¬ï»ªï»£ïºªï»© ïº‘ï¯©ïº®-ïº‘ï¯©ïº®ï¯¨ï®•ï»ª ï»—ï¯§ïº®ï¯¨ï»¨ïºªïºïº·ï» ï¯©ï»– ï»£ï¯˜ï»§ïºïº³ï¯©ï¯Ÿï¯¨ïº˜ï¯©ï®•ï»ª ïº§ïºïº± ïº­ï»­ï®ª ïº‘ï¯©ï» ï»ªï»¥ ï»£ï¯˜ïº‹ïºï»£ï¯©ï» ï»ª ï»—ï¯©ï» ï¯©ïº¸ï»° ï»›ï¯§ïº®Û•Ùƒ.
151,Turkic,Uzbek,udhr_uz,"HÌ¡É™mmÉ™ adÉ™m zatidinla É™rkin, izzÉ™t-hÌ¡ÉµrmÉ™t wÉ™ hokÌ¡ukÌ¡ta babbarawÉ™r bolup tuÆ£ulÆ£an. Ular É™kÌ¡ilÆ£É™ wÉ™ wijdanÆ£a igÉ™ hÌ¡É™mdÉ™ bir-birigÉ™ kÌ¡erindaxlikÌ¡ munasiwitigÉ™ hax roh bilÉ™n muâ€™amilÉ™ kÌ¡ilixi kerÉ™k."
152,Uralic,Estonian,udhr_et,KÃµik inimesed sÃ¼nnivad vabadena ja vÃµrdsetena oma vÃ¤Ã¤rikuselt ja Ãµigustelt. Neile on antud mÃµistus ja sÃ¼dametunnistus ja nende suhtumist Ã¼ksteisesse peab kandma vendluse vaim.
153,Uralic,Finnish,udhr2_fi,"Kaikki ihmiset syntyvÃ¤t vapaina ja tasavertaisina arvoltaan ja oikeuksiltaan. Heille on annettu jÃ¤rki ja omatunto, ja heidÃ¤n on toimittava toisiaan kohtaan veljeyden hengessÃ¤."
154,Uralic,Hungarian,udhr_hu,"Minden emberi lÃ©ny szabadon szÃ¼letik Ã©s egyenlÅ‘ mÃ©ltÃ³sÃ¡ga Ã©s joga van. Az emberek, Ã©sszel Ã©s lelkiismerettel bÃ­rvÃ¡n, egymÃ¡ssal szemben testvÃ©ri szellemben kell hogy viseltessenek."
155,Uralic,Livonian,udhr_livonian,"AmÄd rovzt attÃµ sindÃµnd brÄ«d ja Ä«dlizt eÅ†tÅ¡ vÇŸrtitÃµks ja ÃµigiztÃµks. NÃ¤ntÃµn um andtÃµd mÅ«oÅ¡tÃµks ja sidÄmtundimi, ja nÃ¤ntÃµn um Ä«dtuoisÃµ tuoimÃµmÃµst veÄ¼kub vaimsÃµ."
156,Uralic,North SÃ¡mi,udhr_northernsami,Buot olbmot leat riegÃ¡dan friddjan ja olmmoÅ¡Ã¡rvvu ja olmmoÅ¡vuoigatvuoÄ‘aid dÃ¡fus . Sii leat jierbmalaÅ¡ olbmot geain lea oamedovdu ja sii gÃ¡lggaÅ¡e leat dego vieljaÄagat.
